name,organization,opportunity_type,funding_type,is_active,chicago_focused,stage_standard,stage_detail,sectors_standard_str,ideal_for,amount_min_usd,amount_max_usd,amount_label,deadline_date,cadence,geography,eligibility,portfolio_examples,portfolio_source,next_step_url,website,application_link,contact_name,contact_email,notes,description,last_updated,needs_review,needs_review_note,geography_coverage,deadline_type,program_frequency,source_excerpt,ideal_for_cleaned
Cybersecurity & Defence Accelerator,Cybersecurity & Defence Accelerator,Accelerator,Program,1.0,0.0,Early-stage,,Cybersecurity; Defense,"d Startup Innovators (India) Applications open for HealthTech Acceleration Program in India Deadline Date: December 23, 2025 The DST NIDHI – START-TO-SCALE STARTUP SUPPORT program powered by the DERBI Foundation invites eligible founders to accelerate their market-ready HealthTech solutions with strong institutional backing and essential scale-up support.",,,,,varies,,,,,,,,,,,,,,,,cohort-based,Cohort-based programs,,"Startups, Founders"
STTR Phase I (All Agencies),STTR Phase I (All Agencies),Grant,Non-dilutive,1.0,0.0,All Stages,All SBIR sectors,All Sectors,"am Tutorials Community Stay connected with our innovation ecosystem Community Event Spotlight News and Events Newsletter Sign-up Federal and State Technology (FAST) Growth Accelerator Fund Competition (GAFC) Congressional authority for the Small Business Innovation Research (SBIR) and Small Business Technology Transfer (STTR) programs has expired as of September 30, 2025.",50000.0,275000.0,$50K-$275K,,quarterly,,,,,,,,,,,,,,,,fixed,Quarterly solicitations with fixed deadlines,,small businesses
Penn Startup Challenge,Penn Startup Challenge,Competition,Non-dilutive,1.0,0.0,All Stages,,EdTech; General Tech,*Additional eligibility requirements applies.,,,,,annual,,,,,,,,,,,,,,,,fixed,Annual competition,,*Additional eligibility requirements applies.
Breva Thrive Grant,Breva Thrive Grant,Grant,Non-dilutive,1.0,0.0,Revenue-generating,Revenue-generating,Social Impact; Other,"Program Eligibility Program Eligibility 01 Your business must have a demonstrated impact on its community, such as creating new jobs, innovating new products, or making products and services more accessible.",15000.0,15000.0,$15K,,varies,,,,,,,,,,,,,,,,fixed,Application windows,,"Program Eligibility Program Eligibility 01 Your business must have a demonstrated impact on its community, such as creating new jobs, innovating new p..."
NIST MEP,NIST MEP,Grant,Non-dilutive,1.0,0.0,All Stages,,Manufacturing/HardTech; General Tech,"3D measurements from 3D tomographic reconstructions due to camera defects and dose reduction Accurate Cure Kinetics, Stress, Mechanical Properties and Warpage Ongoing Advanced packaging involves increasingly challenging requirements for heterogeneous integration and chiplet packaging.",,,,,varies,,,,,,,,,,,,,,,,fixed,Grant with application deadline,,"3D measurements from 3D tomographic reconstructions due to camera defects and dose reduction Accurate Cure Kinetics, Stress, Mechanical Properties and..."
SBIR Phase I - USDA,SBIR Phase I - USDA,Grant,Non-dilutive,1.0,0.0,All Stages,,Food/Agriculture; General Tech; Other,"Agriculture, food tech, rural innovation startups | Agriculture and food systems innovation | Award: Up to $175K | Location: US-based | Deadline: Windows open annually",50000.0,275000.0,$50K-$275K,,quarterly,,,,,,,,,,,,,,,,fixed,Quarterly solicitations with fixed deadlines,,Startups
Amex Shop Small Grants,Amex Shop Small Grants,Grant,Non-dilutive,1.0,0.0,All Stages,,All Sectors,"0\"",\""position\"",2,\""offerHeader\"",\""Eligible Members Unlock Extra Rewards*\"",\""buttonText\"",\""Explore Amex Offers\"",\""buttonUrl\"",\""https://www.",,,,,varies,,,,,https://mainstreet.org/about/partner-collaborations/amex-shop-small-grant-program,https://mainstreet.org/about/partner-collaborations/amex-shop-small-grant-program,,,,,,,,,,fixed,Application windows,,"0\"",\""position\"",2,\""offerHeader\"",\""Eligible Members Unlock Extra Rewards*\"",\""buttonText\"",\""Explore Amex Offers\"",\""buttonUrl\"",\""https://www."
Horizon Europe AI Road Safety,Horizon Europe AI Road Safety,Grant,Non-dilutive,1.0,0.0,All Stages,,Mobility/Transportation; AI/ML,EU Funding & Tenders Portal Topic List,1000000.0,10000000.0,€1M-€10M,,annual,,,,,,,,,,,,,,,,fixed,Annual work programs with specific deadlines,,EU Funding & Tenders Portal Topic List
Horizon Europe Battery Development,Horizon Europe Battery Development,Grant,Non-dilutive,1.0,0.0,All Stages,,Climate/Energy; Manufacturing/HardTech; AI/ML,EU Funding & Tenders Portal Topic List,1000000.0,10000000.0,€1M-€10M,,annual,,,,,,,,,,,,,,,,fixed,Annual work programs with specific deadlines,,EU Funding & Tenders Portal Topic List
Space Symposium Innovate Pitch,Space Symposium Innovate Pitch,Competition,Non-dilutive,1.0,0.0,All Stages,,Mobility/Transportation; Space,"Global companies, TRL 4-7 | Pitch live April 15, 2026 | Amount: Varies",,,,,annual,,,,,,,,,,,,,,,,fixed,Annual competition,,"Global companies, TRL 4-7 | Pitch live April 15, 2026 | Amount: Varies"
Arch Venture Partners,Arch Venture Partners,VC,Equity (dilutive),1.0,0.0,Early-stage,,BioTech/Life Sciences,"jpg"",""datePublished"":""2017-08-07T15:42:29+00:00"",""dateModified"":""2024-03-04T17:13:39+00:00"",""description"":""ARCH Venture Partners provides seed / early stage venture capital for technology firms in information technology, life sciences, and physical sciences"",""breadcrumb"":{""@id"":""https://www.",,,,,rolling,,,,,,,,,,,,,,,,rolling,Rolling applications,,"jpg"",""datePublished"":""2017-08-07T15:42:29+00:00"",""dateModified"":""2024-03-04T17:13:39+00:00"",""description"":""ARCH Venture Partners provides seed / early..."
NASE Growth Grants,NASE Growth Grants,Grant,Non-dilutive,1.0,0.0,All Stages,,Other,"ollaboration with AARP, Provides Financial Grants to Support Small Businesses in California, Florida, Georgia, New York, Oregon, and Wisconsin Leading Small Business Association Salutes the Power and Ingenuity of America’s Entrepreneurs on Small Business Saturday Building a Strong Personal Brand as a Small Business Owner David D’Arcangelo's Member Spotlight A Month Into the Shutdown: Gridlock Deepens Over SNAP Funding and ACA Subsidies The Latest From Our Blogs.",,,,,varies,,,,,,,,,,,,,,,,fixed,Application windows,,small businesses
P33 Chicago Civic Innovation Challenge,P33 Chicago Civic Innovation Challenge,Competition,Non-dilutive,1.0,0.0,All Stages,,GovTech/Civic; General Tech,"$7B in federal funding raised $10B in private investment raised TechRise TechRise brings community, capital, and connections to early-stage tech founders from Chicago.",,,,,annual,,,,,,,,,,,,,,,,fixed,Annual competition,,Founders
SBIR Phase I - NASA,SBIR Phase I - NASA,Grant,Non-dilutive,1.0,0.0,All Stages,,Defense; Mobility/Transportation; Manufacturing/HardTech; Space; General Tech,"hooks[o][r]=e)}}); Small Business Innovation Research (SBIR) / Small Business Technology Transfer (STTR) - NASA var popupData = {""popupId"":""872473"",""randomChance"":""0.",50000.0,275000.0,$50K-$275K,,quarterly,,,,,,,,,,,,,,,,fixed,Quarterly solicitations with fixed deadlines,,small businesses
Desai Accelerator (U-M Alumni),Desai Accelerator (U-M Alumni),Accelerator,Program,1.0,0.0,Early-stage,,General Tech,We're looking for early-stage ventures ready for exponential growth.,,,,,varies,,,,,,,,,,,,,,,,cohort-based,Cohort-based programs,,We're looking for early-stage ventures ready for exponential growth.
The Liveability Challenge 2026,The Liveability Challenge 2026,Competition,Non-dilutive,1.0,0.0,All Stages,,Climate/Energy,Global innovators | Focus on carbon emission reduction | Amount: Up to S$1M,,,,,annual,,,,,,,,,,,,,,,,fixed,Annual competition,,Global innovators | Focus on carbon emission reduction | Amount: Up to S$1M
QuickBooks Small Business Hero,QuickBooks Small Business Hero,Grant,Non-dilutive,1.0,0.0,All Stages,,Other,"US businesses, 1+ year, ≤99 employees | Must be nominated; 3 winners per quarter | Amount: $20,000",,,,,varies,,,,,https://quickbooks.intuit.com/offers/small-business-hero-program/,https://quickbooks.intuit.com/offers/small-business-hero-program/,,,,,,,,,,fixed,Grant with application deadline,,"US businesses, 1+ year, ≤99 employees | Must be nominated; 3 winners per quarter | Amount: $20,000"
Space Symposium Innovate (Final),Space Symposium Innovate (Final),Competition,Non-dilutive,1.0,0.0,All Stages,,Mobility/Transportation; Space,"Global startups, TRL 4-7 | Extended deadline | Amount: Varies",,,,,annual,,,,,,,,,,,,,,,,fixed,Annual competition,,Startups
EDA Tech Hubs Phase 2,EDA Tech Hubs Phase 2,Grant,Non-dilutive,1.0,0.0,All Stages,,General Tech,"Through its Planning and Local Technical Assistance programs, EDA assists eligible recipients in developing economic development plans and studies designed to build capacity and guide the economic prosperity of an area or region.",,,,,varies,,,,,,,,,,,,,,,,fixed,Grant with application deadline,,"Through its Planning and Local Technical Assistance programs, EDA assists eligible recipients in developing economic development plans and studies des..."
HHS SBIR/STTR,HHS SBIR/STTR,Grant,Non-dilutive,1.0,0.0,All Stages,,HealthTech; Other,"Contact & Help Search Small Business Funding Product Development Support Entrepreneurial Training --> Portfolio About SEED Resources and Events --> SMALL BUSINESS FUNDING SMALL BUSINESS FUNDING Learn if your company is eligible for NIH SBIR or STTR funding, how to apply , and what to expect during each step of the application process.",,,,,quarterly,,,,,,,,,,,,,,,,fixed,Quarterly solicitations with fixed deadlines,,small businesses
AgeTech Open Mic Challenge,AgeTech Open Mic Challenge,Competition,Non-dilutive,1.0,0.0,All Stages,,General Tech; Other,Apply to a Pitch Event to Become Eligible Startups become eligible for our AgeTech accelerator program by applying to pitch events.,,,,,annual,,,,,,,,,,,,,,,,fixed,Annual competition,,Startups
ViVE Health AgeTech Pitch,ViVE Health AgeTech Pitch,Competition,Non-dilutive,1.0,0.0,All Stages,,HealthTech; General Tech,AgeTech MVP-stage startups | Pitch at ViVE Event in LA | Amount: Cash + exposure,,,,,annual,,,,,,,,,,,,,,,,fixed,Annual competition,,Startups
Secretsos Small Business Grant,Secretsos Small Business Grant,Grant,Non-dilutive,1.0,0.0,All Stages,,Other,Complete one application to be considered for all of the Secretsos™ grants for which you are eligible.,,,,,varies,,,,,,,,,,,,,,,,fixed,Application windows,,Complete one application to be considered for all of the Secretsos™ grants for which you are eligible.
7wire Ventures,7wire Ventures,VC,Equity (dilutive),1.0,0.0,Early-stage,,HealthTech,"CMS’s GUIDE program is an important step toward reimbursed dementia care with approximately 330 organizations participating , but providers in early pilots have struggled with complex patient eligibility and onboarding issues .",,,,,rolling,,,,,,,,,,,,,,,,rolling,Rolling applications,,"CMS’s GUIDE program is an important step toward reimbursed dementia care with approximately 330 organizations participating , but providers in early p..."
BVF (Blue Venture Fund),BVF (Blue Venture Fund),VC,Equity (dilutive),1.0,0.0,Early-stage,,HealthTech; BioTech/Life Sciences; General Tech,Highlights Daymark Health Raises $20M in Series A Funding to Scale Tech-Enabled Cancer Care Platform to Thousands of,,,,,rolling,,,,,,,,,,,,,,,,rolling,Rolling applications,,Highlights Daymark Health Raises $20M in Series A Funding to Scale Tech-Enabled Cancer Care Platform to Thousands of
Moderne Passport Industry Immersion,Moderne Passport Industry Immersion,Accelerator,Program,1.0,0.0,Early-stage,,FinTech; General Tech,"From 2007 to 2016, Schneider was President of Capital One’s Card division, its largest business, where he oversaw all of Capital One’s consumer and small business credit card lines in the United States, U.",,,,,varies,,,,,,,,,,,,,,,,cohort-based,Cohort-based program,,small businesses
South Summit Madrid,South Summit Madrid,Competition,Non-dilutive,1.0,0.0,All Stages,,General Tech,"Startups globally, all sectors | 100 finalist startups, 3-min pitch | Amount: Multiple awards",,,,,annual,,,,,,,,,,,,,,,,fixed,Annual competition,,Startups
Opportunity Fund,Opportunity Fund,Grant,Non-dilutive,1.0,0.0,All Stages,"Underrepresented founders, All sectors",All Sectors,"Low-income entrepreneurs, especially minorities | Microloans not grants, but critical for underserved founders | Award: $2.6K-$100K loans + grants | Location: CA, NV | Deadline: Rolling",,,,,varies,,,,,,,,,,,,,,,,fixed,Grant with application deadline,,"Entrepreneurs, Founders"
PitchBook University Innovation Prize,PitchBook University Innovation Prize,Competition,Non-dilutive,1.0,0.0,All Stages,All sectors,All Sectors,"University students with innovative business ideas | National student competition, university affiliation required | Award: $50K grand prize | Location: Any university student | Deadline: Annual",,,,,annual,,,,,,,,,,,,,,,,fixed,Annual competition,,Students
Rice Business Plan Competition,Rice Business Plan Competition,Competition,Non-dilutive,1.0,0.0,All Stages,All sectors,All Sectors,"RBPC judges act as (and often are) early-stage investors, evaluating startups investment potential.",,,,,annual,,,,,,,,,,,,,,,,fixed,Annual competitions,,Startups
IL Small Business Capital Grant,IL Small Business Capital Grant,Grant,Non-dilutive,1.0,0.0,All Stages,,Other,"Besides ensuring contractors comply with the Illinois Works requirements, this initiative connects contractors on active projects to pre-apprentices and ensures contractors remain eligible for incentives related to hiring and retaining Pre-apprenticeship Program graduates.",,,,,varies,,,,,,,,,,,,,,,,fixed,Application windows,,"Besides ensuring contractors comply with the Illinois Works requirements, this initiative connects contractors on active projects to pre-apprentices a..."
Chicago SBIF Grant,Chicago SBIF Grant,Grant,Non-dilutive,1.0,0.0,All Stages,,Other,Loans are typically eligible for up to 90% financing of project costs.,,,,,varies,,,,,,,,,,,,,,,,fixed,Application windows,,Loans are typically eligible for up to 90% financing of project costs.
IL Federal Grant Match Program,IL Federal Grant Match Program,Grant,Non-dilutive,1.0,0.0,All Stages,,Other,"Besides ensuring contractors comply with the Illinois Works requirements, this initiative connects contractors on active projects to pre-apprentices and ensures contractors remain eligible for incentives related to hiring and retaining Pre-apprenticeship Program graduates.",,,,,varies,,,,,,,,,,,,,,,,fixed,Application windows,,"Besides ensuring contractors comply with the Illinois Works requirements, this initiative connects contractors on active projects to pre-apprentices a..."
Chicago CDG Large Grant,Chicago CDG Large Grant,Grant,Non-dilutive,1.0,0.0,All Stages,,Manufacturing/HardTech; AI/ML; GovTech/Civic; Social Impact; Other,"Environment Food Service Establishments Freedom of Information (FOIA) Grants Health &amp; Wellness Housing Inspections, Permitting &amp; Licensing Jobs",,,,,varies,,,,,,,,,,,,,,,,fixed,Application windows,,"Environment Food Service Establishments Freedom of Information (FOIA) Grants Health &amp; Wellness Housing Inspections, Permitting &amp; Licensing Job..."
Aurora Finish Line Grant,Aurora Finish Line Grant,Grant,Non-dilutive,1.0,0.0,All Stages,,Other,Commercial businesses in Aurora | <50 employees required | Amount: Gap financing | Deadline: Rolling,,,,,varies,,,,,,,,,,,,,,,,fixed,Application windows,,Commercial businesses in Aurora | <50 employees required | Amount: Gap financing | Deadline: Rolling
SoGal Black Founder Grant,SoGal Black Founder Grant,Grant,Non-dilutive,1.0,0.0,All Stages,,Other,"Black women & nonbinary entrepreneurs | Partnership with Walmart | Amount: $5,000-$10,000 | Deadline: Rolling",5000.0,10000.0,$5K-$10K,,varies,,,,,https://www.sogalfoundation.org/,https://www.sogalfoundation.org/,,,,,,,,,,fixed,Application windows,,Entrepreneurs
Google Black Founders Fund,Google Black Founders Fund,Grant,Non-dilutive,1.0,0.0,All Stages,,FinTech; General Tech,"Find out more Startup School From Google to you A comprehensive series of guided online trainings, designed to equip early-stage startups with the tools, products, and knowledge that growing companies need.",,,,,varies,,,,,,,,,,,,,,,,fixed,Grant with application deadline,,early-stage startups
NAACP Powershift Grant,NAACP Powershift Grant,Grant,Non-dilutive,1.0,0.0,All Stages,,Other,Who is eligible to participate in ACT-SO? Students of African descent who are U.,,,,,varies,,,,,,,,,,,,,,,,fixed,Application windows,,Students
Black Girl Ventures Pitch,Black Girl Ventures Pitch,Competition,Non-dilutive,1.0,0.0,All Stages,,GovTech/Civic; Other,"Since ELF, Paulana has gone on to win a $50k In the&nbsp; Press Five organizations promoting youth entrepreneurship&nbsp; In its mission to provide access to BGV has funded hundreds of thousands of small businesses across the nation, helping transform dreams into realities.",,,,,annual,,,,,,,,,,,,,,,,fixed,Annual competition,,small businesses
Harlem Capital,Harlem Capital,VC,Equity (dilutive),1.0,0.0,Seed,Seed,Social Impact; General Tech,and Latino Startups Have Raised $1M+ in VC Funding - HCP Search Enter a search term: Portfolio Team,,,,,rolling,,,,,,,,,,,,,,,,rolling,Rolling applications,,Startups
National Black MBA Scale-Up Pitch,National Black MBA Scale-Up Pitch,Competition,Non-dilutive,1.0,0.0,All Stages,,Other,"Black entrepreneurs | Live pitch in Atlanta | Amount: $50,000 (1st) | Deadline: Check NBMBAA website",,,,,annual,,,,,https://nbmbaa.org/scale-up-pitch-challenge/,https://nbmbaa.org/scale-up-pitch-challenge/,,,,,,,,,,fixed,Annual competition,,Entrepreneurs
Kinetic Black Business Support,Kinetic Black Business Support,Grant,Non-dilutive,1.0,0.0,All Stages,,Other,"Black-owned, Midwest/Northeast, <25 employees | Must be in service area | Amount: Up to $2,500 | Deadline: Rolling",,,,,varies,,,,,,,,,,,,,,,,fixed,Grant with application deadline,,"Black-owned, Midwest/Northeast, <25 employees | Must be in service area | Amount: Up to $2,500 | Deadline: Rolling"
AgeTech February Open Mic,AgeTech February Open Mic,Competition,Non-dilutive,1.0,0.0,All Stages,,General Tech; Other,Apply to a Pitch Event to Become Eligible Startups become eligible for our AgeTech accelerator program by applying to pitch events.,,,,,annual,,,,,,,,,,,,,,,,fixed,Annual competition,,Startups
West Suburban Angels Inc.,West Suburban Angels Inc.,VC,Equity (dilutive),1.0,0.0,Early-stage,,Other,"Thus, only a small percentage of members need to participate for the venture to secure funding from WSA Contact Information [contact-form-7 id=&#8221;1198&#8243; title=&#8221;Application Page Form&#8221;] Membership All qualified investors interested in applying for membership must have a nomination by an existing member and meet the SEC definition of an accredited investor.",,,,,rolling,,,,,,,,,,,,,,,,rolling,Rolling applications,,"Thus, only a small percentage of members need to participate for the venture to secure funding from WSA Contact Information [contact-form-7 id=&#8221;..."
a11y Capital,a11y Capital,VC,Equity (dilutive),1.0,0.0,Early-stage,,Other,Supporting startups building accessible products for people with disabilities. | Focus on underrepresented founders | Check size: $100K-$1M,,,,,rolling,,,,,,,,,,,,,,,,rolling,Rolling applications,,"Startups, Founders"
mHUB Spark Fund II,mHUB Spark Fund II,VC,Equity (dilutive),1.0,0.0,Early-stage,,HealthTech; Climate/Energy; Manufacturing/HardTech; EdTech; General Tech; Other,"Energy, medtech, manufacturing, 65 startups over 4 years | Check size: $20M target",,,,,rolling,,,,,,,,,,,,,,,,rolling,Rolling applications,,Startups
MassChallenge Chicago,MassChallenge Chicago,Accelerator,Equity (dilutive),1.0,0.0,All Stages,All sectors,All Sectors,"Eligibility For our early-stage accelerator programs in Boston, Israel, Switzerland, Mexico, and Texas: We accept applications for early stage startups across all industries, from anywhere in the world.",0.0,100000.0,Up to $100K (non-dilutive),,annual,,,,,,,,,,,,,,,,cohort-based,Annual cohorts with fixed deadlines,,early-stage startups
Secretsos Grant (Q1 Close),Secretsos Grant (Q1 Close),Grant,Non-dilutive,1.0,0.0,All Stages,,Other,Complete one application to be considered for all of the Secretsos™ grants for which you are eligible.,,,,,varies,,,,,,,,,,,,,,,,fixed,Application windows,,Complete one application to be considered for all of the Secretsos™ grants for which you are eligible.
YALI Africa Startup Accelerator,YALI Africa Startup Accelerator,Accelerator,Program,1.0,0.0,Early-stage,,EdTech; Other,"Grants: After completing the Accelerator, leaders are eligible to apply for up to $17,000 in seed funding to launch a systems-change gender equity advocacy project.",,,,,varies,,,,,,,,,,,,,,,,cohort-based,Cohort-based programs,,"Grants: After completing the Accelerator, leaders are eligible to apply for up to $17,000 in seed funding to launch a systems-change gender equity adv..."
Google for Startups MENA,Google for Startups MENA,Accelerator,Equity-free,1.0,0.0,Early-stage,,FinTech; AI/ML; Social Impact; General Tech,"Find out more Startup School From Google to you A comprehensive series of guided online trainings, designed to equip early-stage startups with the tools, products, and knowledge that growing companies need.",100000.0,200000.0,$100K-$200K,,varies,,,,,,,,,,,,,,,,cohort-based,Cohort-based program,,early-stage startups
EDA Industry Transformation Grants,EDA Industry Transformation Grants,Grant,Non-dilutive,1.0,0.0,All Stages,,Other,"Through its Planning and Local Technical Assistance programs, EDA assists eligible recipients in developing economic development plans and studies designed to build capacity and guide the economic prosperity of an area or region.",50000.0,1000000.0,$50K-$1M,,quarterly,,,,,,,,,,,,,,,,fixed,Quarterly submission windows,,"Through its Planning and Local Technical Assistance programs, EDA assists eligible recipients in developing economic development plans and studies des..."
Capital One Mobility Program,Capital One Mobility Program,Accelerator,Program,1.0,0.0,Idea,Idea,Mobility/Transportation,can lower your payment Pre-Qualify for Refinancing Check eligibility with no credit impact Auto overview Auto overview Get,,,,,varies,,,,,,,,,,,,,,,,cohort-based,Cohort-based program,,can lower your payment Pre-Qualify for Refinancing Check eligibility with no credit impact Auto overview Auto overview Get
HHS SBIR/STTR (March),HHS SBIR/STTR (March),Grant,Non-dilutive,1.0,0.0,All Stages,,HealthTech; Other,"Contact & Help Search Small Business Funding Product Development Support Entrepreneurial Training --> Portfolio About SEED Resources and Events --> SMALL BUSINESS FUNDING SMALL BUSINESS FUNDING Learn if your company is eligible for NIH SBIR or STTR funding, how to apply , and what to expect during each step of the application process.",,,,,quarterly,,,,,,,,,,,,,,,,fixed,Quarterly solicitations with fixed deadlines,,small businesses
Moderne Passport,Moderne Passport,Accelerator,Program,1.0,0.0,Early-stage,Early-stage,FinTech; General Tech,"From 2007 to 2016, Schneider was President of Capital One’s Card division, its largest business, where he oversaw all of Capital One’s consumer and small business credit card lines in the United States, U.",,,,,varies,,,,,,,,,,,,,,,,cohort-based,Cohort-based program,,small businesses
SXSW Pitch Competition,SXSW Pitch Competition,Competition,Non-dilutive,1.0,0.0,Early-stage,Early-stage,General Tech,"Explore categories below for important deadlines, eligibility requirements, and more on how to become part of the SX event each March in Austin, TX.",,,,,annual,,,,,,,,,,,,,,,,fixed,Annual competitions,,"Explore categories below for important deadlines, eligibility requirements, and more on how to become part of the SX event each March in Austin, TX."
Startmate Accelerator,Startmate Accelerator,Accelerator,Program,1.0,0.0,Early-stage,,FinTech; HealthTech; EdTech,3M Pre-Seed to roll out insurance-at-checkout vision.,,,,,varies,,,,,,,,,,,,,,,,cohort-based,Cohort-based programs,,3M Pre-Seed to roll out insurance-at-checkout vision.
NASE Growth Grants (Q1 Review),NASE Growth Grants (Q1 Review),Grant,Non-dilutive,1.0,0.0,All Stages,,Other,"Members who are employees of the NASE, sales associates, field service representatives, or contracted by the NASE are not eligible for this program.",,,,,varies,,,,,,,,,,,,,,,,fixed,Application windows,,"Members who are employees of the NASE, sales associates, field service representatives, or contracted by the NASE are not eligible for this program."
NSF I-Corps,NSF I-Corps,Grant,Non-dilutive,1.0,0.0,SBIR/STTR,,AI/ML; EdTech; General Tech,"Organizations that are eligible to submit proposals to NSF include institutions of higher education; nonprofit, nonacademic organizations; and tribal nations.",50000.0,1000000.0,$50K-$1M,,quarterly,,,,,,,,,,,,,,,,fixed,Quarterly submission windows,,Nonprofits
HerSuiteSpot Hustler's Microgrant,HerSuiteSpot Hustler's Microgrant,Grant,Non-dilutive,1.0,0.0,All Stages,,Other,"all business in need of support? What would you do with a $1,000 business grant? Deja Vu Parker of WBLS, in collaboration with HerSuiteSpot, proudly presents the Hustler&#8217;s MicroGrant – a remarkable opportunity for small business owners like you to receive the boost you deserve.",,,,,varies,,,,,,,,,,,,,,,,fixed,Application windows,,small businesses
Santander Cultivate Small Business Grant,Santander Cultivate Small Business Grant,Grant,Non-dilutive,1.0,0.0,Revenue-generating,Revenue-generating,Food/Agriculture; EdTech,"End-to-end compliance procedures, real-time processing and tools that ensure a consistent experience (even when regulatory requirements change) underpin this simplicity.",,,,,varies,,,,,,,,,,,,,,,,fixed,Application windows,,"End-to-end compliance procedures, real-time processing and tools that ensure a consistent experience (even when regulatory requirements change) underp..."
TechRise Pitch Competition,TechRise Pitch Competition,Competition,Non-dilutive,1.0,0.0,Early-stage,Early-stage,Other,"Chicagoland early-stage entrepreneurs | Weekly Friday competitions on Zoom | Amount: $25,000-$50,000 | Deadline: Rolling (weekly)",,,,,annual,,,,,https://techrise.co/apply/,https://techrise.co/apply/,,,,,,,,,,fixed,Annual competitions,,Entrepreneurs
Render Capital,Render Capital,Grant,Non-dilutive,1.0,0.0,All Stages,,Other,"B2B/SaaS startups | Mixed grants and non-dilutive funding | Award: Varies | Location: Louisville, KY | Deadline: Rolling",,,,,varies,,,,,,,,,,,,,,,,fixed,Grant with application deadline,,Startups
43North,43North,Competition,Non-dilutive,1.0,0.0,All Stages,All sectors,All Sectors,"Eligibility and Applications To be eligible, applications must be submitted via 43North’s website at 43North.",,,,,annual,,,,,,,,,,,,,,,,fixed,Annual competition,,"Eligibility and Applications To be eligible, applications must be submitted via 43North’s website at 43North."
AAUW Career Development Grants,AAUW Career Development Grants,Grant,Non-dilutive,1.0,0.0,All Stages,,HealthTech,Ready to see if you qualify? Review the eligibility requirements and application instructions to find the best fit for your goals! Applications for the 2026-2027 cycle have closed.,,,,,varies,,,,,,,,,,,,,,,,fixed,Application windows,,Ready to see if you qualify? Review the eligibility requirements and application instructions to find the best fit for your goals! Applications for th...
Amber Grant,Amber Grant,Grant,Non-dilutive,1.0,0.0,All Stages,All sectors (women founders),All Sectors,"At the end of each year, monthly grant winners are eligible to receive one of three $25,000 annual grants.",10000.0,25000.0,$10K-$25K,,varies,,,,,https://ambergrantsforwomen.com/get-an-amber-grant/,https://ambergrantsforwomen.com/get-an-amber-grant/,,,,,,,,,,fixed,Application windows,,"At the end of each year, monthly grant winners are eligible to receive one of three $25,000 annual grants."
Amber Grant for Women,Amber Grant for Women,Grant,Non-dilutive,1.0,0.0,All Stages,,Other,"At the end of each year, monthly grant winners are eligible to receive one of three $25,000 annual grants.",10000.0,25000.0,$10K-$25K,,varies,,,,,https://ambergrantsforwomen.com/get-an-amber-grant/,https://ambergrantsforwomen.com/get-an-amber-grant/,,,,,,,,,,fixed,Application windows,,"At the end of each year, monthly grant winners are eligible to receive one of three $25,000 annual grants."
American Family Institute Innovation Grant,American Family Institute Innovation Grant,Grant,Non-dilutive,1.0,0.0,All Stages,,FinTech; General Tech,"InsurTech and related technology startups | InsurTech specific, American Family partnership opportunities | Award: Up to $50K | Location: US-based | Deadline: Annual",,,,,varies,,,,,https://www.amfaminstitute.com/,https://www.amfaminstitute.com/,,,,,,,,,,fixed,Application windows,,tech startups
American Underground - Launch Challenge,American Underground - Launch Challenge,Grant,Non-dilutive,1.0,0.0,All Stages,All sectors,All Sectors,"Early-stage startups in the Southeast | Southeast regional, NC-based | Award: $10K-$25K | Location: North Carolina | Deadline: Quarterly",,,,,varies,,,,,,,,,,,,,,,,fixed,Grant with application deadline,,early-stage startups
Arch Grants,Arch Grants,Grant,Equity-free,1.0,0.0,All Stages,All sectors,All Sectors,Competition Eligibility Questions about Startup Competition eligibility.,,,,,varies,,,,,,,,,,,,,,,,fixed,Application windows,,Startups
Awesome Foundation,Awesome Foundation,Grant,Non-dilutive,1.0,0.0,Idea,Idea,Other,volunteer Book Buddies and Certified Reading Dog Teams. Funding from the FDC Foundation will support our work in,,,,,varies,,,,,,,,,,,,,,,,fixed,Grant with application deadline,,volunteer Book Buddies and Certified Reading Dog Teams. Funding from the FDC Foundation will support our work in
Backstage Capital Accelerator,Backstage Capital Accelerator,Accelerator,Equity (dilutive),1.0,0.0,All Stages,"Underrepresented founders, All sectors",All Sectors,"Statements  contained  herein  as  to  the  content  of  any  agreements  or  other  documents  are  summaries  and,  therefore,  are  necessarily 
selective and incomplete and are qualified in their entirety by the actual agreements or other documents.",,,,,varies,,,,,https://backstagecapital.com/Accelerator/,https://backstagecapital.com/Accelerator/,,,,,,,,,,cohort-based,Cohort-based programs,,"Statements contained herein as to the content of any agreements or other documents are summaries and, therefore, are necessarily selective and incompl..."
Baylor New Venture Competition - Round 2,Baylor New Venture Competition - Round 2,Competition,Non-dilutive,1.0,0.0,All Stages,All sectors global,All Sectors,"University students/alumni | Top 50 submit full business plan, Finals March 27-28 2026, partnered with National Collegiate Innovation Championship | Award: $200000+ cash + in-kind | Location: Global | Deadline: Jan 19 2026",,,,,annual,,,,,https://sites.baylor.edu/newventurecompetition/eligibility/,https://sites.baylor.edu/newventurecompetition/eligibility/,,,,,,,,,,fixed,Annual competitions,,Students
Capital One Business Grants,Capital One Business Grants,Grant,Non-dilutive,1.0,0.0,All Stages,"Underrepresented founders, All sectors",All Sectors,can lower your payment Pre-Qualify for Refinancing Check eligibility with no credit impact Auto overview Auto overview Get,,,,,varies,,,,,,,,,,,,,,,,fixed,Application windows,,can lower your payment Pre-Qualify for Refinancing Check eligibility with no credit impact Auto overview Auto overview Get
Cartier Women's Initiative,Cartier Women's Initiative,Grant,Non-dilutive,1.0,0.0,All Stages,,Social Impact; Other,"t=this.data.related_content?this.data.related_content[0].pages:this.data.pages,i=0;i 0?e(""div"",{staticClass:""related-content__cards""},[e(""Cards"",{attrs:{data:t.cardsData}})],1):t._e()])}),[],!1,null,null,null);e.default=component.exports},460:function(t,e,n){""use strict"";n.r(e);n(44),n(56);var r=n(447),o=n.n(r),l={name:""HomeFunnel"",props:{data:{type:Object,default:function(){}}},data:function(){return{idBtnTap:"""",contentTooltip:{""funnel-btn-2"":{title:""SHORTLISTING"",content:[""All applications are screened for eligibility"",""Eligible businesses are scored on the selection criteria"",""Top 10 businesses",,,,,varies,,,,,,,,,,,,,,,,fixed,Grant with application deadline,,"t=this.data.related_content?this.data.related_content[0].pages:this.data.pages,i=0;i 0?e(""div"",{staticClass:""related-content__cards""},[e(""Cards"",{attr..."
Chicago Innovation Exchange Accelerator,Chicago Innovation Exchange Accelerator,Accelerator,Program,1.0,0.0,All Stages,All sectors,All Sectors,"Learn More Entrepreneurship Through Acquisition Program A suite of programs and resources designed to provide graduating students and alumni access to the education, capital, and mentorship necessary to acquire and grow small businesses.",,,,,varies,,,,,,,,,,,,,,,,cohort-based,Cohort-based programs,,small businesses
CodeLaunch USA 2026,CodeLaunch USA 2026,Competition,Non-dilutive,1.0,0.0,Early-stage,Early-stage,Other,&#8221; This requirement sets CodeLaunch apart from other competitions.,,,,,annual,,,,,,,,,,,,,,,,fixed,Annual competition,,&#8221; This requirement sets CodeLaunch apart from other competitions.
Dream Big Competition (BMO),Dream Big Competition (BMO),Competition,Non-dilutive,1.0,0.0,All Stages,,EdTech; Other,"Students in Chicago Public Schools with business ideas | High school competition, Chicago-focused | Award: $50K + prizes | Location: Chicago-area | Deadline: Annual",,,,,annual,,,,,https://www.bmo.com/en-us/main/about-bmo/news-insights/blog/apply-now-bmo-offering-15-grants-to-empower-small-businesses-in-the-u-s/,https://www.bmo.com/en-us/main/about-bmo/news-insights/blog/apply-now-bmo-offering-15-grants-to-empower-small-businesses-in-the-u-s/,,,,,,,,,,fixed,Annual competitions,,Students
EDA Disaster Supplemental - Industry Transformation,EDA Disaster Supplemental - Industry Transformation,Grant,Non-dilutive,1.0,0.0,All Stages,,Other,"Designated Tech Hubs became eligible to apply for Implementation awards supporting projects in workforce development, startup support, technology maturation, infrastructure, and governance.",50000.0,1000000.0,$50K-$1M,,quarterly,,,,,,,,,,,,,,,,fixed,Quarterly submission windows,,Startups
EDA Tech Hubs - Stage II,EDA Tech Hubs - Stage II,Grant,Non-dilutive,1.0,0.0,All Stages,,General Tech,"Designated Tech Hubs became eligible to apply for Implementation awards supporting projects in workforce development, startup support, technology maturation, infrastructure, and governance.",,,,,varies,,,,,,,,,,,,,,,,fixed,Grant with application deadline,,Startups
EIC Accelerator Step 2 - 1st Cutoff 2026,EIC Accelerator Step 2 - 1st Cutoff 2026,Grant,Equity (dilutive),1.0,0.0,Series B+,Series B+,Social Impact; General Tech,"elerator call underscores relevance of new instrument Strong level of participation demonstrates the growing momentum of deep-tech innovation across widening countries, as well as the demand for targeted support to help early-stage companies scale and compete at European and global levels.",500000.0,17500000.0,€500K-€17.5M,,quarterly,,,,,,,,,,,,,,,,fixed,Multiple cutoffs per year,,elerator call underscores relevance of new instrument Strong level of participation demonstrates the growing momentum of deep-tech innovation across w...
EIC Accelerator Step 2 - 2nd Cutoff 2026,EIC Accelerator Step 2 - 2nd Cutoff 2026,Grant,Equity (dilutive),1.0,0.0,Series B+,Series B+,Social Impact; General Tech,"elerator call underscores relevance of new instrument Strong level of participation demonstrates the growing momentum of deep-tech innovation across widening countries, as well as the demand for targeted support to help early-stage companies scale and compete at European and global levels.",500000.0,17500000.0,€500K-€17.5M,,quarterly,,,,,,,,,,,,,,,,fixed,Multiple cutoffs per year,,elerator call underscores relevance of new instrument Strong level of participation demonstrates the growing momentum of deep-tech innovation across w...
Earth Rising Foundation Grants,Earth Rising Foundation Grants,Grant,Non-dilutive,1.0,0.0,All Stages,,Climate/Energy; AI/ML; Social Impact,"offer material support for actions, which can include funding for consultants, transportation, and equipment. We also support educational",,,,,varies,,,,,,,,,,,,,,,,fixed,Application windows,,"offer material support for actions, which can include funding for consultants, transportation, and equipment. We also support educational"
Elevate Ventures - Community Ideation Fund,Elevate Ventures - Community Ideation Fund,Grant,Non-dilutive,1.0,0.0,All Stages,All sectors,All Sectors,Do you currently meet or are you willing to meet these requirements? Please select.,,,,,varies,,,,,,,,,,,,,,,,fixed,Grant with application deadline,,Do you currently meet or are you willing to meet these requirements? Please select.
Elevate Ventures - Pre-Seed Accelerator Fund,Elevate Ventures - Pre-Seed Accelerator Fund,Grant,Non-dilutive,1.0,0.0,All Stages,All sectors,All Sectors,Do you currently meet or are you willing to meet these requirements? Please select.,,,,,varies,,,,,,,,,,,,,,,,cohort-based,Cohort-based programs,,Do you currently meet or are you willing to meet these requirements? Please select.
Faire Small Business Grant,Faire Small Business Grant,Grant,Non-dilutive,1.0,0.0,Early-stage,Early-stage,FinTech; AI/ML,"in one place The best selection of brands for your store, all in one place Sign up to buy Sign up to sell Company About us Newsroom Careers Affiliates Blog Explore Help center Open with Faire Faire Markets Sell on Faire Small Business Grant Insider POS integration How Faire works Instagram Facebook X icon © 2025 Faire Wholesale, Inc.",,,,,varies,,,,,,,,,,,,,,,,fixed,Application windows,,small businesses
Fast Forward Nonprofit Accelerator,Fast Forward Nonprofit Accelerator,Grant,Non-dilutive,1.0,0.0,All Stages,,FinTech; Social Impact; General Tech,"Tech nonprofits using tech for social impact | For registered nonprofits only, tech for good focus | Award: $15K + $100K in tech credits | Location: US-based | Deadline: Annual",,,,,varies,,,,,,,,,,,,,,,,cohort-based,Cohort-based programs,,Nonprofits
FedEx Small Business Grant,FedEx Small Business Grant,Grant,Non-dilutive,1.0,0.0,All Stages,All sectors,All Sectors,"Small businesses with compelling stories | Public voting component, marketing value for participants | Award: $50K grand prize + others | Location: US-based | Deadline: Annual (Spring)",15000.0,50000.0,$15K-$50K,,varies,,,,,https://www.fedex.com/en-us/small-business/grant-contest.html,https://www.fedex.com/en-us/small-business/grant-contest.html,,,,,,,,,,fixed,Application windows,,small businesses
Forum Ventures - Launch,Forum Ventures - Launch,Accelerator,Program,1.0,0.0,Pre-seed,Pre-seed,FinTech; Other,"We do this through a series of free events, podcasts, books, research products, and by investing millions of dollars a year into promising, early-stage startups.",,,,,varies,,,,,,,,,,,,,,,,cohort-based,Cohort-based program,,early-stage startups
Freed Fellowship,Freed Fellowship,Grant,Non-dilutive,1.0,0.0,All Stages,All sectors,All Sectors,"Freed Fellows are also eligible to receive an additional end-of-year grant of $2,500.",,,,,varies,,,,,,,,,,,,,,,,fixed,Grant with application deadline,,"Freed Fellows are also eligible to receive an additional end-of-year grant of $2,500."
Global Insurance Accelerator 2026,Global Insurance Accelerator 2026,Accelerator,Equity (dilutive),1.0,0.0,Early-stage,Early-stage,FinTech; Social Impact,Typical profile of a startup who applies Early-stage insurtech company (Pre-seed to seed stage) Insurance industry focused solution US insurance industry is where you will start or expand your customer focus 1-2 founders who will roll up their sleeves in the immersive program PROGRAM PHASES 100-day breakdown Phase 1 — 3.,,,,,varies,,,,,,,,,,,,,,,,cohort-based,Cohort-based programs,,"Startups, Founders"
Halcyon Incubator,Halcyon Incubator,Accelerator,Program,1.0,0.0,Early-stage,,Social Impact,"Since 2014, Halcyon’s fellowships for early-stage social entrepreneurs have provided space, community, and access—infusing support at a critical juncture where many impact-driven startups fail.",,,,,varies,,,,,,,,,,,,,,,,cohort-based,Cohort-based program,,"Startups, Entrepreneurs"
Heartland Challenge,Heartland Challenge,Competition,Non-dilutive,1.0,0.0,All Stages,All sectors,All Sectors,"Midwest startups with scalable solutions | Midwest regional competition, various prize tiers | Award: $250K grand prize | Location: Midwest | Deadline: Annual",,,,,annual,,,,,https://www.heartlandchallenge.org/,https://www.heartlandchallenge.org/,,,,,,,,,,fixed,Annual competition,,Startups
Hello Tomorrow Global Challenge,Hello Tomorrow Global Challenge,Competition,Non-dilutive,1.0,0.0,All Stages,,General Tech,"In the EU especially, stringent compliance requirements and bills introducing restrictions on alternative protein R&amp;D have deterred investment and innovation.",,,,,annual,,,,,,,,,,,,,,,,fixed,Annual competition,,"In the EU especially, stringent compliance requirements and bills introducing restrictions on alternative protein R&amp;D have deterred investment and..."
Illinois SBDC - Innovation Voucher,Illinois SBDC - Innovation Voucher,Grant,Non-dilutive,1.0,0.0,All Stages,All sectors,All Sectors,"Besides ensuring contractors comply with the Illinois Works requirements, this initiative connects contractors on active projects to pre-apprentices and ensures contractors remain eligible for incentives related to hiring and retaining Pre-apprenticeship Program graduates.",,,,,varies,,,,,,,,,,,,,,,,fixed,Grant with application deadline,,"Besides ensuring contractors comply with the Illinois Works requirements, this initiative connects contractors on active projects to pre-apprentices a..."
Inc.U Competition (Invent Penn State),Inc.U Competition (Invent Penn State),Competition,Non-dilutive,1.0,0.0,All Stages,,EdTech; Other,"Who’s Eligible to Apply Eligible Students: To apply, you must be a current undergraduate student at any Penn State campus in Pennsylvania and own a PA-based company.",,,,,annual,,,,,,,,,,,,,,,,fixed,Annual competitions,,Students
Lake Forest College Venture Design Challenge 2026,Lake Forest College Venture Design Challenge 2026,Competition,Non-dilutive,1.0,0.0,All Stages,All sectors,All Sectors,Who is eligible? 1.,,,,,annual,,,,,,,,,,,,,,,,fixed,Annual competition,,
LaunchKC Grants — 2026 Cohort,LaunchKC Grants — 2026 Cohort,Grant,Non-dilutive,1.0,0.0,All Stages,,GovTech/Civic; Other,"Competition Eligibility Who is eligible to apply? At LaunchKC, we look for companies that are: For-profit entities with technology-based products, services, or solutions.",,,,,varies,,,,,,,,,,,,,,,,fixed,Application windows,,"Competition Eligibility Who is eligible to apply? At LaunchKC, we look for companies that are: For-profit entities with technology-based products, ser..."
MassChallenge HealthTech,MassChallenge HealthTech,Accelerator,Equity (dilutive),1.0,0.0,Early-stage,,HealthTech; Social Impact,Our Traction programs help early-stage founders access those networks.,0.0,100000.0,Up to $100K (non-dilutive),,annual,,,,,,,,,,,,,,,,cohort-based,Annual cohorts with fixed deadlines,,Founders
Ilitch School Tech Pitch (Finalists),Ilitch School Tech Pitch (Finalists),Competition,Non-dilutive,1.0,0.0,All Stages,,EdTech; General Tech,"Investment Fund (SMIF),&nbsp;who voted&nbsp;on&nbsp;a winner.&nbsp;The SMIF was created with&nbsp;initial&nbsp;seed funding from Fifth-Third Bank.&nbsp;In&nbsp;2018, the Kresge&nbsp;Foundation&nbsp;established&nbsp;a $2 million fund",,,,,annual,,,,,,,,,,,,,,,,fixed,Annual competition,,"Investment Fund (SMIF),&nbsp;who voted&nbsp;on&nbsp;a winner.&nbsp;The SMIF was created with&nbsp;initial&nbsp;seed funding from Fifth-Third Bank.&nbs..."
Slauson & Co - Friends & Family,Slauson & Co - Friends & Family,Accelerator,Program,1.0,0.0,Pre-seed,Pre-seed,FinTech; Other,"Pre-seed | LA-based, remote-friendly | Award: Varies | Location: Global | Deadline: Rolling",,,,,varies,,,,,,,,,,,,,,,,cohort-based,Cohort-based program,,"Pre-seed | LA-based, remote-friendly | Award: Varies | Location: Global | Deadline: Rolling"
USDA SBIR/STTR Program,U.S. Department of Agriculture (NIFA),Grant,,,,,,Agriculture,Am I Eligible? | NIFA Skip to main content An official website of the United States government Here's how you know Here's how you know Contact Us The .,100000.0,750000.0,$100K-$750K,,quarterly,,Am I Eligible? | NIFA Skip to main content An official website of the United States government Here's how you know Here's how you know Contact Us The .,,,https://www.nifa.usda.gov/grants/programs/sbir-sttr/am-i-eligible,https://www.nifa.usda.gov/grants/programs/small-business-innovation-research-program-sbir,,,,,,,,,,fixed,Quarterly solicitations with fixed deadlines,Am I Eligible? | NIFA Skip to main content An official website of the United States government Here's how you know Here's how you know Contact Us The .,Am I Eligible? | NIFA Skip to main content An official website of the United States government Here's how you know Here's how you know Contact Us The ...
America's Seed Fund – NSF SBIR/STTR,NSF SBIR/STTR,Grant,,,,,,,SBIR proposals do not require that the startup partner with an eligible research institution.,50000.0,1000000.0,$50K-$1M,,quarterly,,SBIR proposals do not require that the startup partner with an eligible research institution.,,,https://seedfund.nsf.gov/apply/full-proposal/,https://seedfund.nsf.gov/,,,,,,,,,,fixed,Quarterly solicitations with fixed deadlines,SBIR proposals do not require that the startup partner with an eligible research institution.,Startups
DOE SBIR/STTR,U.S. Department of Energy,,Non-dilutive,,,,,,"$1,100,000
• 2 years duration
• ~30 awards per year

Phase IIC
• Pilot program to leverage 
1:1 matching funds for 
commercialization 
• $1,100,000
• 2 years duration

7

 Small Business and Principal 
Investigator (PI) Eligibility Requirements

• For-profit U.",200000.0,2000000.0,$200K-$2M,,quarterly,,"$1,100,000
• 2 years duration
• ~30 awards per year

Phase IIC
• Pilot program to leverage 
1:1 matching funds for 
commercialization 
• $1,100,000
• 2 years duration

7

 Small Business and Principal 
Investigator (PI) Eligibility Requirements

• For-profit U.",,,https://science.osti.gov/-/media/sbir/pdf/About/DOE-SBIR-STTR-Outreach-Slides-25-minutes.pdf,https://science.osti.gov/sbir,,,,,,,,,,fixed,Quarterly solicitations with fixed deadlines,"$1,100,000
• 2 years duration
• ~30 awards per year

Phase IIC
• Pilot program to leverage 
1:1 matching funds for 
commercialization 
• $1,100,000
• 2 years duration

7

 Small Business and Principal 
Investigator (PI) Eligibility Requirements

• For-profit U.",small businesses
DHS SBIR,U.S. Department of Homeland Security,,,,,,,,Check out the table below for eligibility requirements on our tools and programs.,,,,,quarterly,,Check out the table below for eligibility requirements on our tools and programs.,,,https://www.dhs.gov/science-and-technology/funding-innovation,https://www.dhs.gov/science-and-technology/sbir,,,,,,,,,,fixed,Quarterly solicitations with fixed deadlines,Check out the table below for eligibility requirements on our tools and programs.,Check out the table below for eligibility requirements on our tools and programs.
NASA SBIR/STTR,NASA,,Non-dilutive,,,,,,"SBIR/STTR Program The NASA Small Business Innovation Research / Small Business Technology Transfer (SBIR/STTR) program is part of America’s Seed Fund, the nation’s largest source of early-stage non-dilutive funding for innovative technologies.",125000.0,850000.0,$125K-$850K,,quarterly,,"SBIR/STTR Program The NASA Small Business Innovation Research / Small Business Technology Transfer (SBIR/STTR) program is part of America’s Seed Fund, the nation’s largest source of early-stage non-dilutive funding for innovative technologies.",,,https://www.nasa.gov/sbir_sttr/,https://www.nasa.gov/sbir/,,,,,,,,,,fixed,Quarterly solicitations with fixed deadlines,"SBIR/STTR Program The NASA Small Business Innovation Research / Small Business Technology Transfer (SBIR/STTR) program is part of America’s Seed Fund, the nation’s largest source of early-stage non-dilutive funding for innovative technologies.",small businesses
EPA SBIR,U.S. Environmental Protection Agency,,,,,,,,This technology can be used by oil and gas operators looking to reduce their fugitive methane emissions and meet the regulatory requirements for emissions scans.,,,,,quarterly,,This technology can be used by oil and gas operators looking to reduce their fugitive methane emissions and meet the regulatory requirements for emissions scans.,,,https://www.epa.gov/sbir/about-epas-sbir-program,https://www.epa.gov/sbir,,,,,,,,,,fixed,Quarterly solicitations with fixed deadlines,This technology can be used by oil and gas operators looking to reduce their fugitive methane emissions and meet the regulatory requirements for emissions scans.,This technology can be used by oil and gas operators looking to reduce their fugitive methane emissions and meet the regulatory requirements for emiss...
NIH SEED (SBIR/STTR),National Institutes of Health,,Non-dilutive,,,,,,"Contact & Help Search Small Business Funding Product Development Support Entrepreneurial Training --> Portfolio About SEED Resources and Events --> SMALL BUSINESS FUNDING SMALL BUSINESS FUNDING Learn if your company is eligible for NIH SBIR or STTR funding, how to apply , and what to expect during each step of the application process.",150000.0,2000000.0,$150K-$2M,,quarterly,,"Contact & Help Search Small Business Funding Product Development Support Entrepreneurial Training --> Portfolio About SEED Resources and Events --> SMALL BUSINESS FUNDING SMALL BUSINESS FUNDING Learn if your company is eligible for NIH SBIR or STTR funding, how to apply , and what to expect during each step of the application process.",,,https://seed.nih.gov/small-business-funding/how-to-apply/applying/prepare-your-application#Programs,https://seed.nih.gov/,,,,,,,,,,fixed,Quarterly solicitations with fixed deadlines,"Contact & Help Search Small Business Funding Product Development Support Entrepreneurial Training --> Portfolio About SEED Resources and Events --> SMALL BUSINESS FUNDING SMALL BUSINESS FUNDING Learn if your company is eligible for NIH SBIR or STTR funding, how to apply , and what to expect during each step of the application process.",small businesses
NEA Grants for Arts Projects,National Endowment for the Arts,,,,,,,,"12 

Eligibility .",,,,,varies,,"12 

Eligibility .",,,https://www.arts.gov/sites/default/files/FY27-GAP-Program-Guidelines-Final.pdf,https://www.arts.gov/grants/grants-for-arts-projects,,,,,,,,,,fixed,Application windows,"12 

Eligibility .",
NEA Challenge America,National Endowment for the Arts,,,,,,,,Eligibility Review the GAP Program Guidelines document below for full details.,,,,,,,Eligibility Review the GAP Program Guidelines document below for full details.,,,https://www.arts.gov/grants/grants-for-arts-projects,https://www.arts.gov/grants/challenge-america,,,,,,,,,,,,Eligibility Review the GAP Program Guidelines document below for full details.,Eligibility Review the GAP Program Guidelines document below for full details.
NEH Public Humanities Projects,National Endowment for the Humanities,,,,,,,,"NEH program officers check applications for eligibility and assign them to panels based on academic discipline, institutional type, project area, or project type.",,,,,,,"NEH program officers check applications for eligibility and assign them to panels based on academic discipline, institutional type, project area, or project type.",,,https://www.neh.gov/grants/application-process,https://www.neh.gov/grants/public/public-humanities-projects,,,,,,,,,,,,"NEH program officers check applications for eligibility and assign them to panels based on academic discipline, institutional type, project area, or project type.","NEH program officers check applications for eligibility and assign them to panels based on academic discipline, institutional type, project area, or p..."
SBIR.gov (Program Overview),SBIR.gov,,Non-dilutive,,,,,,"nnovation ecosystem Community Event Spotlight News and Events Newsletter Sign-up Federal and State Technology (FAST) Growth Accelerator Fund Competition (GAFC) How to Apply Learn how the program works, check if you meet eligibility requirements, and how to find additional local support and resources.",,,,,quarterly,,"nnovation ecosystem Community Event Spotlight News and Events Newsletter Sign-up Federal and State Technology (FAST) Growth Accelerator Fund Competition (GAFC) How to Apply Learn how the program works, check if you meet eligibility requirements, and how to find additional local support and resources.",,,https://www.sbir.gov/apply,https://www.sbir.gov/,,,,,,,,,,fixed,Quarterly solicitations with fixed deadlines,"nnovation ecosystem Community Event Spotlight News and Events Newsletter Sign-up Federal and State Technology (FAST) Growth Accelerator Fund Competition (GAFC) How to Apply Learn how the program works, check if you meet eligibility requirements, and how to find additional local support and resources.",nnovation ecosystem Community Event Spotlight News and Events Newsletter Sign-up Federal and State Technology (FAST) Growth Accelerator Fund Competiti...
NIH SBIR/STTR Program Basics,National Institutes of Health,,Non-dilutive,,,,,,"Contact & Help Search Small Business Funding Product Development Support Entrepreneurial Training --> Portfolio About SEED Resources and Events --> SMALL BUSINESS FUNDING SMALL BUSINESS FUNDING Learn if your company is eligible for NIH SBIR or STTR funding, how to apply , and what to expect during each step of the application process.",150000.0,2000000.0,$150K-$2M,,quarterly,,"Contact & Help Search Small Business Funding Product Development Support Entrepreneurial Training --> Portfolio About SEED Resources and Events --> SMALL BUSINESS FUNDING SMALL BUSINESS FUNDING Learn if your company is eligible for NIH SBIR or STTR funding, how to apply , and what to expect during each step of the application process.",,,https://seed.nih.gov/small-business-funding/how-to-apply/applying/prepare-your-application#Programs,https://seed.nih.gov/small-business-funding,,,,,,,,,,fixed,Quarterly solicitations with fixed deadlines,"Contact & Help Search Small Business Funding Product Development Support Entrepreneurial Training --> Portfolio About SEED Resources and Events --> SMALL BUSINESS FUNDING SMALL BUSINESS FUNDING Learn if your company is eligible for NIH SBIR or STTR funding, how to apply , and what to expect during each step of the application process.",small businesses
Precursor Ventures,Precursor Ventures,VC,Dilutive,,,Pre-seed,,,Precursor Ventures is a classic pre-seed and seed stage venture capital firm investing in long-term relationships with founders we believe in.,,,,,rolling,,Precursor Ventures is a classic pre-seed and seed stage venture capital firm investing in long-term relationships with founders we believe in.,,,https://www.precursorvc.com/,https://www.precursorvc.com/,,,,,,,,,,rolling,Rolling applications,Precursor Ventures is a classic pre-seed and seed stage venture capital firm investing in long-term relationships with founders we believe in.,Founders
Floodgate,Floodgate,VC,Dilutive,,,Pre-seed,,,ers Your First True Believers Your First True Believers Your First True Believers Your First True Believers Your First True Believers Your First True Believers Your First True Believers Backing extraordinary founders at pre-seed and seed 506 Santa Cruz Ave.,,,,,rolling,,ers Your First True Believers Your First True Believers Your First True Believers Your First True Believers Your First True Believers Your First True Believers Your First True Believers Backing extraordinary founders at pre-seed and seed 506 Santa Cruz Ave.,,,https://floodgate.com/,https://floodgate.com/,,,,,,,,,,rolling,Rolling applications,ers Your First True Believers Your First True Believers Your First True Believers Your First True Believers Your First True Believers Your First True Believers Your First True Believers Backing extraordinary founders at pre-seed and seed 506 Santa Cruz Ave.,Founders
Initialized Capital,Initialized Capital,VC,Dilutive,,,,,,"&nbsp; THE ROAD AHEAD From our first check at the Seed stage to this Series B, the team has remained focused on a singular mission: bringing modern efficiency to the world&#8217;s builders.",,,,,rolling,,"&nbsp; THE ROAD AHEAD From our first check at the Seed stage to this Series B, the team has remained focused on a singular mission: bringing modern efficiency to the world&#8217;s builders.",,,https://blog.initialized.com/2025/12/permitflows-rise-in-construction-ai-from-seed-to-series-b/,https://initialized.com/,,,,,,,,,,rolling,Rolling applications,"&nbsp; THE ROAD AHEAD From our first check at the Seed stage to this Series B, the team has remained focused on a singular mission: bringing modern efficiency to the world&#8217;s builders.","&nbsp; THE ROAD AHEAD From our first check at the Seed stage to this Series B, the team has remained focused on a singular mission: bringing modern ef..."
Pear VC,Pear VC,VC,Dilutive,,,Pre-seed,,,Pejman Nozad Frequently asked questions Who is eligible for this program? Any person with Iranian heritage who is an early-stage founder actively working on their startup idea is eligible to apply.,,,,,rolling,,Pejman Nozad Frequently asked questions Who is eligible for this program? Any person with Iranian heritage who is an early-stage founder actively working on their startup idea is eligible to apply.,,,https://pear.vc/programs/persian-founder-circles/,https://pear.vc/,,,,,,,,,,rolling,Rolling applications,Pejman Nozad Frequently asked questions Who is eligible for this program? Any person with Iranian heritage who is an early-stage founder actively working on their startup idea is eligible to apply.,"Startups, Founders"
Founder Collective,Founder Collective,VC,Dilutive,,,,,,"What We Believe Meet the Collective We’re stage-focused (seed and pre-seed), sector agnostic, and proudly anti-thematic.",,,,,rolling,,"What We Believe Meet the Collective We’re stage-focused (seed and pre-seed), sector agnostic, and proudly anti-thematic.",,,https://www.foundercollective.com/,https://www.foundercollective.com/,,,,,,,,,,rolling,Rolling applications,"What We Believe Meet the Collective We’re stage-focused (seed and pre-seed), sector agnostic, and proudly anti-thematic.","What We Believe Meet the Collective We’re stage-focused (seed and pre-seed), sector agnostic, and proudly anti-thematic."
Susa Ventures,Susa Ventures,VC,Dilutive,,,,,,Susa Ventures Team Investors Platform &amp; Operations Emeritus Portfolio What We Look For Jobs Blog Susa Ventures is a seed-stage fund that helps you build the next billion-dollar company.,,,,,rolling,,Susa Ventures Team Investors Platform &amp; Operations Emeritus Portfolio What We Look For Jobs Blog Susa Ventures is a seed-stage fund that helps you build the next billion-dollar company.,,,https://www.susaventures.com,https://www.susaventures.com/,,,,,,,,,,rolling,Rolling applications,Susa Ventures Team Investors Platform &amp; Operations Emeritus Portfolio What We Look For Jobs Blog Susa Ventures is a seed-stage fund that helps you build the next billion-dollar company.,Susa Ventures Team Investors Platform &amp; Operations Emeritus Portfolio What We Look For Jobs Blog Susa Ventures is a seed-stage fund that helps you...
Ubiquity Ventures,Ubiquity Ventures,VC,Dilutive,,,,,,"steps(8)}@keyframes fa-spin{0%{transform:rotate(0deg)}to{transform:rotate(1turn)}}.fa-rotate-90{-ms-filter:""progid:DXImageTransform.Microsoft.BasicImage(rotation=1)"";transform:rotate(90deg)}.fa-rotate-180{-ms-filter:""progid:DXImageTransform.Microsoft.BasicImage(rotation=2)"";transform:rotate(180deg)}.fa-rotate-270{-ms-filter:""progid:DXImageTransform.Microsoft.BasicImage(rotation=3)"";transform:rotate(270deg)}.fa-flip-horizontal{-ms-filter:""progid:DXImageTransform.Microsoft.BasicImage(rotation=0, mirror=1)"";transform:scaleX(-1)}.fa-flip-vertical{transform:scaleY(-1)}.fa-flip-horizontal.fa-flip-vertical,.fa-flip-vertical{-ms-filter:""progid:DXImageTransform.Microsoft.BasicImage(rotation=2, mirror=1)""}.fa-flip-horizontal.fa-flip-vertical{transform:scale(-1)}:root .fa-flip-horizontal,:root .fa-flip-vertical,:root .fa-rotate-90,:root .fa-rotate-180,:root .fa-rotate-270{-webkit-filter:none;filter:none}.fa-stack{display:inline-block;height:2em;line-height:2em;position:relative;vertical-align:middle;width:2em}.fa-stack-1x,.fa-stack-2x{left:0;position:absolute;text-align:center;width:100%}.fa-stack-1x{line-height:inherit}.fa-stack-2x{font-size:2em}.fa-inverse{color:#fff}.fa-500px:before{content:""\f26e""}.fa-accessible-icon:before{content:""\f368""}.fa-accusoft:before{content:""\f369""}.fa-ad:before{content:""\f641""}.fa-address-book:before{content:""\f2b9""}.fa-address-card:before{content:""\f2bb""}.fa-adjust:before{content:""\f042""}.fa-adn:before{content:""\f170""}.fa-adversal:before{content:""\f36a""}.fa-affiliatetheme:before{content:""\f36b""}.fa-air-freshener:before{content:""\f5d0""}.fa-algolia:before{content:""\f36c""}.fa-align-center:before{content:""\f037""}.fa-align-justify:before{content:""\f039""}.fa-align-left:before{content:""\f036""}.fa-align-right:before{content:""\f038""}.fa-alipay:before{content:""\f642""}.fa-allergies:before{content:""\f461""}.fa-amazon:before{content:""\f270""}.fa-amazon-pay:before{content:""\f42c""}.fa-ambulance:before{content:""\f0f9""}.fa-american-sign-language-interpreting:before{content:""\f2a3""}.fa-amilia:before{content:""\f36d""}.fa-anchor:before{content:""\f13d""}.fa-android:before{content:""\f17b""}.fa-angellist:before{content:""\f209""}.fa-angle-double-down:before{content:""\f103""}.fa-angle-double-left:before{content:""\f100""}.fa-angle-double-right:before{content:""\f101""}.fa-angle-double-up:before{content:""\f102""}.fa-angle-down:before{content:""\f107""}.fa-angle-left:before{content:""\f104""}.fa-angle-right:before{content:""\f105""}.fa-angle-up:before{content:""\f106""}.fa-angry:before{content:""\f556""}.fa-angrycreative:before{content:""\f36e""}.fa-angular:before{content:""\f420""}.fa-ankh:before{content:""\f644""}.fa-app-store:before{content:""\f36f""}.fa-app-store-ios:before{content:""\f370""}.fa-apper:before{content:""\f371""}.fa-apple:before{content:""\f179""}.fa-apple-alt:before{content:""\f5d1""}.fa-apple-pay:before{content:""\f415""}.fa-archive:before{content:""\f187""}.fa-archway:before{content:""\f557""}.fa-arrow-alt-circle-down:before{content:""\f358""}.fa-arrow-alt-circle-left:before{content:""\f359""}.fa-arrow-alt-circle-right:before{content:""\f35a""}.fa-arrow-alt-circle-up:before{content:""\f35b""}.fa-arrow-circle-down:before{content:""\f0ab""}.fa-arrow-circle-left:before{content:""\f0a8""}.fa-arrow-circle-right:before{content:""\f0a9""}.fa-arrow-circle-up:before{content:""\f0aa""}.fa-arrow-down:before{content:""\f063""}.fa-arrow-left:before{content:""\f060""}.fa-arrow-right:before{content:""\f061""}.fa-arrow-up:before{content:""\f062""}.fa-arrows-alt:before{content:""\f0b2""}.fa-arrows-alt-h:before{content:""\f337""}.fa-arrows-alt-v:before{content:""\f338""}.fa-assistive-listening-systems:before{content:""\f2a2""}.fa-asterisk:before{content:""\f069""}.fa-asymmetrik:before{content:""\f372""}.fa-at:before{content:""\f1fa""}.fa-atlas:before{content:""\f558""}.fa-atom:before{content:""\f5d2""}.fa-audible:before{content:""\f373""}.fa-audio-description:before{content:""\f29e""}.fa-autoprefixer:before{content:""\f41c""}.fa-avianex:before{content:""\f374""}.fa-aviato:before{content:""\f421""}.fa-award:before{content:""\f559""}.fa-aws:before{content:""\f375""}.fa-backspace:before{content:""\f55a""}.fa-backward:before{content:""\f04a""}.fa-balance-scale:before{content:""\f24e""}.fa-ban:before{content:""\f05e""}.fa-band-aid:before{content:""\f462""}.fa-bandcamp:before{content:""\f2d5""}.fa-barcode:before{content:""\f02a""}.fa-bars:before{content:""\f0c9""}.fa-baseball-ball:before{content:""\f433""}.fa-basketball-ball:before{content:""\f434""}.fa-bath:before{content:""\f2cd""}.fa-battery-empty:before{content:""\f244""}.fa-battery-full:before{content:""\f240""}.fa-battery-half:before{content:""\f242""}.fa-battery-quarter:before{content:""\f243""}.fa-battery-three-quarters:before{content:""\f241""}.fa-bed:before{content:""\f236""}.fa-beer:before{content:""\f0fc""}.fa-behance:before{content:""\f1b4""}.fa-behance-square:before{content:""\f1b5""}.fa-bell:before{content:""\f0f3""}.fa-bell-slash:before{content:""\f1f6""}.fa-bezier-curve:before{content:""\f55b""}.fa-bible:before{content:""\f647""}.fa-bicycle:before{content:""\f206""}.fa-bimobject:before{content:""\f378""}.fa-binoculars:before{content:""\f1e5""}.fa-birthday-cake:before{content:""\f1fd""}.fa-bitbucket:before{content:""\f171""}.fa-bitcoin:before{content:""\f379""}.fa-bity:before{content:""\f37a""}.fa-black-tie:before{content:""\f27e""}.fa-blackberry:before{content:""\f37b""}.fa-blender:before{content:""\f517""}.fa-blind:before{content:""\f29d""}.fa-blogger:before{content:""\f37c""}.fa-blogger-b:before{content:""\f37d""}.fa-bluetooth:before{content:""\f293""}.fa-bluetooth-b:before{content:""\f294""}.fa-bold:before{content:""\f032""}.fa-bolt:before{content:""\f0e7""}.fa-bomb:before{content:""\f1e2""}.fa-bone:before{content:""\f5d7""}.fa-bong:before{content:""\f55c""}.fa-book:before{content:""\f02d""}.fa-book-open:before{content:""\f518""}.fa-book-reader:before{content:""\f5da""}.fa-bookmark:before{content:""\f02e""}.fa-bowling-ball:before{content:""\f436""}.fa-box:before{content:""\f466""}.fa-box-open:before{content:""\f49e""}.fa-boxes:before{content:""\f468""}.fa-braille:before{content:""\f2a1""}.fa-brain:before{content:""\f5dc""}.fa-briefcase:before{content:""\f0b1""}.fa-briefcase-medical:before{content:""\f469""}.fa-broadcast-tower:before{content:""\f519""}.fa-broom:before{content:""\f51a""}.fa-brush:before{content:""\f55d""}.fa-btc:before{content:""\f15a""}.fa-bug:before{content:""\f188""}.fa-building:before{content:""\f1ad""}.fa-bullhorn:before{content:""\f0a1""}.fa-bullseye:before{content:""\f140""}.fa-burn:before{content:""\f46a""}.fa-buromobelexperte:before{content:""\f37f""}.fa-bus:before{content:""\f207""}.fa-bus-alt:before{content:""\f55e""}.fa-business-time:before{content:""\f64a""}.fa-buysellads:before{content:""\f20d""}.fa-calculator:before{content:""\f1ec""}.fa-calendar:before{content:""\f133""}.fa-calendar-alt:before{content:""\f073""}.fa-calendar-check:before{content:""\f274""}.fa-calendar-minus:before{content:""\f272""}.fa-calendar-plus:before{content:""\f271""}.fa-calendar-times:before{content:""\f273""}.fa-camera:before{content:""\f030""}.fa-camera-retro:before{content:""\f083""}.fa-cannabis:before{content:""\f55f""}.fa-capsules:before{content:""\f46b""}.fa-car:before{content:""\f1b9""}.fa-car-alt:before{content:""\f5de""}.fa-car-battery:before{content:""\f5df""}.fa-car-crash:before{content:""\f5e1""}.fa-car-side:before{content:""\f5e4""}.fa-caret-down:before{content:""\f0d7""}.fa-caret-left:before{content:""\f0d9""}.fa-caret-right:before{content:""\f0da""}.fa-caret-square-down:before{content:""\f150""}.fa-caret-square-left:before{content:""\f191""}.fa-caret-square-right:before{content:""\f152""}.fa-caret-square-up:before{content:""\f151""}.fa-caret-up:before{content:""\f0d8""}.fa-cart-arrow-down:before{content:""\f218""}.fa-cart-plus:before{content:""\f217""}.fa-cc-amazon-pay:before{content:""\f42d""}.fa-cc-amex:before{content:""\f1f3""}.fa-cc-apple-pay:before{content:""\f416""}.fa-cc-diners-club:before{content:""\f24c""}.fa-cc-discover:before{content:""\f1f2""}.fa-cc-jcb:before{content:""\f24b""}.fa-cc-mastercard:before{content:""\f1f1""}.fa-cc-paypal:before{content:""\f1f4""}.fa-cc-stripe:before{content:""\f1f5""}.fa-cc-visa:before{content:""\f1f0""}.fa-centercode:before{content:""\f380""}.fa-certificate:before{content:""\f0a3""}.fa-chalkboard:before{content:""\f51b""}.fa-chalkboard-teacher:before{content:""\f51c""}.fa-charging-station:before{content:""\f5e7""}.fa-chart-area:before{content:""\f1fe""}.fa-chart-bar:before{content:""\f080""}.fa-chart-line:before{content:""\f201""}.fa-chart-pie:before{content:""\f200""}.fa-check:before{content:""\f00c""}.fa-check-circle:before{content:""\f058""}.fa-check-double:before{content:""\f560""}.fa-check-square:before{content:""\f14a""}.fa-chess:before{content:""\f439""}.fa-chess-bishop:before{content:""\f43a""}.fa-chess-board:before{content:""\f43c""}.fa-chess-king:before{content:""\f43f""}.fa-chess-knight:before{content:""\f441""}.fa-chess-pawn:before{content:""\f443""}.fa-chess-queen:before{content:""\f445""}.fa-chess-rook:before{content:""\f447""}.fa-chevron-circle-down:before{content:""\f13a""}.fa-chevron-circle-left:before{content:""\f137""}.fa-chevron-circle-right:before{content:""\f138""}.fa-chevron-circle-up:before{content:""\f139""}.fa-chevron-down:before{content:""\f078""}.fa-chevron-left:before{content:""\f053""}.fa-chevron-right:before{content:""\f054""}.fa-chevron-up:before{content:""\f077""}.fa-child:before{content:""\f1ae""}.fa-chrome:before{content:""\f268""}.fa-church:before{content:""\f51d""}.fa-circle:before{content:""\f111""}.fa-circle-notch:before{content:""\f1ce""}.fa-city:before{content:""\f64f""}.fa-clipboard:before{content:""\f328""}.fa-clipboard-check:before{content:""\f46c""}.fa-clipboard-list:before{content:""\f46d""}.fa-clock:before{content:""\f017""}.fa-clone:before{content:""\f24d""}.fa-closed-captioning:before{content:""\f20a""}.fa-cloud:before{content:""\f0c2""}.fa-cloud-download-alt:before{content:""\f381""}.fa-cloud-upload-alt:before{content:""\f382""}.fa-cloudscale:before{content:""\f383""}.fa-cloudsmith:before{content:""\f384""}.fa-cloudversify:before{content:""\f385""}.fa-cocktail:before{content:""\f561""}.fa-code:before{content:""\f121""}.fa-code-branch:before{content:""\f126""}.fa-codepen:before{content:""\f1cb""}.fa-codiepie:before{content:""\f284""}.fa-coffee:before{content:""\f0f4""}.fa-cog:before{content:""\f013""}.fa-cogs:before{content:""\f085""}.fa-coins:before{content:""\f51e""}.fa-columns:before{content:""\f0db""}.fa-comment:before{content:""\f075""}.fa-comment-alt:before{content:""\f27a""}.fa-comment-dollar:before{content:""\f651""}.fa-comment-dots:before{content:""\f4ad""}.fa-comment-slash:before{content:""\f4b3""}.fa-comments:before{content:""\f086""}.fa-comments-dollar:before{content:""\f653""}.fa-compact-disc:before{content:""\f51f""}.fa-compass:before{content:""\f14e""}.fa-compress:before{content:""\f066""}.fa-concierge-bell:before{content:""\f562""}.fa-connectdevelop:before{content:""\f20e""}.fa-contao:before{content:""\f26d""}.fa-cookie:before{content:""\f563""}.fa-cookie-bite:before{content:""\f564""}.fa-copy:before{content:""\f0c5""}.fa-copyright:before{content:""\f1f9""}.fa-couch:before{content:""\f4b8""}.fa-cpanel:before{content:""\f388""}.fa-creative-commons:before{content:""\f25e""}.fa-creative-commons-by:before{content:""\f4e7""}.fa-creative-commons-nc:before{content:""\f4e8""}.fa-creative-commons-nc-eu:before{content:""\f4e9""}.fa-creative-commons-nc-jp:before{content:""\f4ea""}.fa-creative-commons-nd:before{content:""\f4eb""}.fa-creative-commons-pd:before{content:""\f4ec""}.fa-creative-commons-pd-alt:before{content:""\f4ed""}.fa-creative-commons-remix:before{content:""\f4ee""}.fa-creative-commons-sa:before{content:""\f4ef""}.fa-creative-commons-sampling:before{content:""\f4f0""}.fa-creative-commons-sampling-plus:before{content:""\f4f1""}.fa-creative-commons-share:before{content:""\f4f2""}.fa-credit-card:before{content:""\f09d""}.fa-crop:before{content:""\f125""}.fa-crop-alt:before{content:""\f565""}.fa-cross:before{content:""\f654""}.fa-crosshairs:before{content:""\f05b""}.fa-crow:before{content:""\f520""}.fa-crown:before{content:""\f521""}.fa-css3:before{content:""\f13c""}.fa-css3-alt:before{content:""\f38b""}.fa-cube:before{content:""\f1b2""}.fa-cubes:before{content:""\f1b3""}.fa-cut:before{content:""\f0c4""}.fa-cuttlefish:before{content:""\f38c""}.fa-d-and-d:before{content:""\f38d""}.fa-dashcube:before{content:""\f210""}.fa-database:before{content:""\f1c0""}.fa-deaf:before{content:""\f2a4""}.fa-delicious:before{content:""\f1a5""}.fa-deploydog:before{content:""\f38e""}.fa-deskpro:before{content:""\f38f""}.fa-desktop:before{content:""\f108""}.fa-deviantart:before{content:""\f1bd""}.fa-dharmachakra:before{content:""\f655""}.fa-diagnoses:before{content:""\f470""}.fa-dice:before{content:""\f522""}.fa-dice-five:before{content:""\f523""}.fa-dice-four:before{content:""\f524""}.fa-dice-one:before{content:""\f525""}.fa-dice-six:before{content:""\f526""}.fa-dice-three:before{content:""\f527""}.fa-dice-two:before{content:""\f528""}.fa-digg:before{content:""\f1a6""}.fa-digital-ocean:before{content:""\f391""}.fa-digital-tachograph:before{content:""\f566""}.fa-directions:before{content:""\f5eb""}.fa-discord:before{content:""\f392""}.fa-discourse:before{content:""\f393""}.fa-divide:before{content:""\f529""}.fa-dizzy:before{content:""\f567""}.fa-dna:before{content:""\f471""}.fa-dochub:before{content:""\f394""}.fa-docker:before{content:""\f395""}.fa-dollar-sign:before{content:""\f155""}.fa-dolly:before{content:""\f472""}.fa-dolly-flatbed:before{content:""\f474""}.fa-donate:before{content:""\f4b9""}.fa-door-closed:before{content:""\f52a""}.fa-door-open:before{content:""\f52b""}.fa-dot-circle:before{content:""\f192""}.fa-dove:before{content:""\f4ba""}.fa-download:before{content:""\f019""}.fa-draft2digital:before{content:""\f396""}.fa-drafting-compass:before{content:""\f568""}.fa-draw-polygon:before{content:""\f5ee""}.fa-dribbble:before{content:""\f17d""}.fa-dribbble-square:before{content:""\f397""}.fa-dropbox:before{content:""\f16b""}.fa-drum:before{content:""\f569""}.fa-drum-steelpan:before{content:""\f56a""}.fa-drupal:before{content:""\f1a9""}.fa-dumbbell:before{content:""\f44b""}.fa-dyalog:before{content:""\f399""}.fa-earlybirds:before{content:""\f39a""}.fa-ebay:before{content:""\f4f4""}.fa-edge:before{content:""\f282""}.fa-edit:before{content:""\f044""}.fa-eject:before{content:""\f052""}.fa-elementor:before{content:""\f430""}.fa-ellipsis-h:before{content:""\f141""}.fa-ellipsis-v:before{content:""\f142""}.fa-ello:before{content:""\f5f1""}.fa-ember:before{content:""\f423""}.fa-empire:before{content:""\f1d1""}.fa-envelope:before{content:""\f0e0""}.fa-envelope-open:before{content:""\f2b6""}.fa-envelope-open-text:before{content:""\f658""}.fa-envelope-square:before{content:""\f199""}.fa-envira:before{content:""\f299""}.fa-equals:before{content:""\f52c""}.fa-eraser:before{content:""\f12d""}.fa-erlang:before{content:""\f39d""}.fa-ethereum:before{content:""\f42e""}.fa-etsy:before{content:""\f2d7""}.fa-euro-sign:before{content:""\f153""}.fa-exchange-alt:before{content:""\f362""}.fa-exclamation:before{content:""\f12a""}.fa-exclamation-circle:before{content:""\f06a""}.fa-exclamation-triangle:before{content:""\f071""}.fa-expand:before{content:""\f065""}.fa-expand-arrows-alt:before{content:""\f31e""}.fa-expeditedssl:before{content:""\f23e""}.fa-external-link-alt:before{content:""\f35d""}.fa-external-link-square-alt:before{content:""\f360""}.fa-eye:before{content:""\f06e""}.fa-eye-dropper:before{content:""\f1fb""}.fa-eye-slash:before{content:""\f070""}.fa-facebook:before{content:""\f09a""}.fa-facebook-f:before{content:""\f39e""}.fa-facebook-messenger:before{content:""\f39f""}.fa-facebook-square:before{content:""\f082""}.fa-fast-backward:before{content:""\f049""}.fa-fast-forward:before{content:""\f050""}.fa-fax:before{content:""\f1ac""}.fa-feather:before{content:""\f52d""}.fa-feather-alt:before{content:""\f56b""}.fa-female:before{content:""\f182""}.fa-fighter-jet:before{content:""\f0fb""}.fa-file:before{content:""\f15b""}.fa-file-alt:before{content:""\f15c""}.fa-file-archive:before{content:""\f1c6""}.fa-file-audio:before{content:""\f1c7""}.fa-file-code:before{content:""\f1c9""}.fa-file-contract:before{content:""\f56c""}.fa-file-download:before{content:""\f56d""}.fa-file-excel:before{content:""\f1c3""}.fa-file-export:before{content:""\f56e""}.fa-file-image:before{content:""\f1c5""}.fa-file-import:before{content:""\f56f""}.fa-file-invoice:before{content:""\f570""}.fa-file-invoice-dollar:before{content:""\f571""}.fa-file-medical:before{content:""\f477""}.fa-file-medical-alt:before{content:""\f478""}.fa-file-pdf:before{content:""\f1c1""}.fa-file-powerpoint:before{content:""\f1c4""}.fa-file-prescription:before{content:""\f572""}.fa-file-signature:before{content:""\f573""}.fa-file-upload:before{content:""\f574""}.fa-file-video:before{content:""\f1c8""}.fa-file-word:before{content:""\f1c2""}.fa-fill:before{content:""\f575""}.fa-fill-drip:before{content:""\f576""}.fa-film:before{content:""\f008""}.fa-filter:before{content:""\f0b0""}.fa-fingerprint:before{content:""\f577""}.fa-fire:before{content:""\f06d""}.fa-fire-extinguisher:before{content:""\f134""}.fa-firefox:before{content:""\f269""}.fa-first-aid:before{content:""\f479""}.fa-first-order:before{content:""\f2b0""}.fa-first-order-alt:before{content:""\f50a""}.fa-firstdraft:before{content:""\f3a1""}.fa-fish:before{content:""\f578""}.fa-flag:before{content:""\f024""}.fa-flag-checkered:before{content:""\f11e""}.fa-flask:before{content:""\f0c3""}.fa-flickr:before{content:""\f16e""}.fa-flipboard:before{content:""\f44d""}.fa-flushed:before{content:""\f579""}.fa-fly:before{content:""\f417""}.fa-folder:before{content:""\f07b""}.fa-folder-minus:before{content:""\f65d""}.fa-folder-open:before{content:""\f07c""}.fa-folder-plus:before{content:""\f65e""}.fa-font:before{content:""\f031""}.fa-font-awesome:before{content:""\f2b4""}.fa-font-awesome-alt:before{content:""\f35c""}.fa-font-awesome-flag:before{content:""\f425""}.fa-font-awesome-logo-full:before{content:""\f4e6""}.fa-fonticons:before{content:""\f280""}.fa-fonticons-fi:before{content:""\f3a2""}.fa-football-ball:before{content:""\f44e""}.fa-fort-awesome:before{content:""\f286""}.fa-fort-awesome-alt:before{content:""\f3a3""}.fa-forumbee:before{content:""\f211""}.fa-forward:before{content:""\f04e""}.fa-foursquare:before{content:""\f180""}.fa-free-code-camp:before{content:""\f2c5""}.fa-freebsd:before{content:""\f3a4""}.fa-frog:before{content:""\f52e""}.fa-frown:before{content:""\f119""}.fa-frown-open:before{content:""\f57a""}.fa-fulcrum:before{content:""\f50b""}.fa-funnel-dollar:before{content:""\f662""}.fa-futbol:before{content:""\f1e3""}.fa-galactic-republic:before{content:""\f50c""}.fa-galactic-senate:before{content:""\f50d""}.fa-gamepad:before{content:""\f11b""}.fa-gas-pump:before{content:""\f52f""}.fa-gavel:before{content:""\f0e3""}.fa-gem:before{content:""\f3a5""}.fa-genderless:before{content:""\f22d""}.fa-get-pocket:before{content:""\f265""}.fa-gg:before{content:""\f260""}.fa-gg-circle:before{content:""\f261""}.fa-gift:before{content:""\f06b""}.fa-git:before{content:""\f1d3""}.fa-git-square:before{content:""\f1d2""}.fa-github:before{content:""\f09b""}.fa-github-alt:before{content:""\f113""}.fa-github-square:before{content:""\f092""}.fa-gitkraken:before{content:""\f3a6""}.fa-gitlab:before{content:""\f296""}.fa-gitter:before{content:""\f426""}.fa-glass-martini:before{content:""\f000""}.fa-glass-martini-alt:before{content:""\f57b""}.fa-glasses:before{content:""\f530""}.fa-glide:before{content:""\f2a5""}.fa-glide-g:before{content:""\f2a6""}.fa-globe:before{content:""\f0ac""}.fa-globe-africa:before{content:""\f57c""}.fa-globe-americas:before{content:""\f57d""}.fa-globe-asia:before{content:""\f57e""}.fa-gofore:before{content:""\f3a7""}.fa-golf-ball:before{content:""\f450""}.fa-goodreads:before{content:""\f3a8""}.fa-goodreads-g:before{content:""\f3a9""}.fa-google:before{content:""\f1a0""}.fa-google-drive:before{content:""\f3aa""}.fa-google-play:before{content:""\f3ab""}.fa-google-plus:before{content:""\f2b3""}.fa-google-plus-g:before{content:""\f0d5""}.fa-google-plus-square:before{content:""\f0d4""}.fa-google-wallet:before{content:""\f1ee""}.fa-gopuram:before{content:""\f664""}.fa-graduation-cap:before{content:""\f19d""}.fa-gratipay:before{content:""\f184""}.fa-grav:before{content:""\f2d6""}.fa-greater-than:before{content:""\f531""}.fa-greater-than-equal:before{content:""\f532""}.fa-grimace:before{content:""\f57f""}.fa-grin:before{content:""\f580""}.fa-grin-alt:before{content:""\f581""}.fa-grin-beam:before{content:""\f582""}.fa-grin-beam-sweat:before{content:""\f583""}.fa-grin-hearts:before{content:""\f584""}.fa-grin-squint:before{content:""\f585""}.fa-grin-squint-tears:before{content:""\f586""}.fa-grin-stars:before{content:""\f587""}.fa-grin-tears:before{content:""\f588""}.fa-grin-tongue:before{content:""\f589""}.fa-grin-tongue-squint:before{content:""\f58a""}.fa-grin-tongue-wink:before{content:""\f58b""}.fa-grin-wink:before{content:""\f58c""}.fa-grip-horizontal:before{content:""\f58d""}.fa-grip-vertical:before{content:""\f58e""}.fa-gripfire:before{content:""\f3ac""}.fa-grunt:before{content:""\f3ad""}.fa-gulp:before{content:""\f3ae""}.fa-h-square:before{content:""\f0fd""}.fa-hacker-news:before{content:""\f1d4""}.fa-hacker-news-square:before{content:""\f3af""}.fa-hackerrank:before{content:""\f5f7""}.fa-hamsa:before{content:""\f665""}.fa-hand-holding:before{content:""\f4bd""}.fa-hand-holding-heart:before{content:""\f4be""}.fa-hand-holding-usd:before{content:""\f4c0""}.fa-hand-lizard:before{content:""\f258""}.fa-hand-paper:before{content:""\f256""}.fa-hand-peace:before{content:""\f25b""}.fa-hand-point-down:before{content:""\f0a7""}.fa-hand-point-left:before{content:""\f0a5""}.fa-hand-point-right:before{content:""\f0a4""}.fa-hand-point-up:before{content:""\f0a6""}.fa-hand-pointer:before{content:""\f25a""}.fa-hand-rock:before{content:""\f255""}.fa-hand-scissors:before{content:""\f257""}.fa-hand-spock:before{content:""\f259""}.fa-hands:before{content:""\f4c2""}.fa-hands-helping:before{content:""\f4c4""}.fa-handshake:before{content:""\f2b5""}.fa-hashtag:before{content:""\f292""}.fa-haykal:before{content:""\f666""}.fa-hdd:before{content:""\f0a0""}.fa-heading:before{content:""\f1dc""}.fa-headphones:before{content:""\f025""}.fa-headphones-alt:before{content:""\f58f""}.fa-headset:before{content:""\f590""}.fa-heart:before{content:""\f004""}.fa-heartbeat:before{content:""\f21e""}.fa-helicopter:before{content:""\f533""}.fa-highlighter:before{content:""\f591""}.fa-hips:before{content:""\f452""}.fa-hire-a-helper:before{content:""\f3b0""}.fa-history:before{content:""\f1da""}.fa-hockey-puck:before{content:""\f453""}.fa-home:before{content:""\f015""}.fa-hooli:before{content:""\f427""}.fa-hornbill:before{content:""\f592""}.fa-hospital:before{content:""\f0f8""}.fa-hospital-alt:before{content:""\f47d""}.fa-hospital-symbol:before{content:""\f47e""}.fa-hot-tub:before{content:""\f593""}.fa-hotel:before{content:""\f594""}.fa-hotjar:before{content:""\f3b1""}.fa-hourglass:before{content:""\f254""}.fa-hourglass-end:before{content:""\f253""}.fa-hourglass-half:before{content:""\f252""}.fa-hourglass-start:before{content:""\f251""}.fa-houzz:before{content:""\f27c""}.fa-html5:before{content:""\f13b""}.fa-hubspot:before{content:""\f3b2""}.fa-i-cursor:before{content:""\f246""}.fa-id-badge:before{content:""\f2c1""}.fa-id-card:before{content:""\f2c2""}.fa-id-card-alt:before{content:""\f47f""}.fa-image:before{content:""\f03e""}.fa-images:before{content:""\f302""}.fa-imdb:before{content:""\f2d8""}.fa-inbox:before{content:""\f01c""}.fa-indent:before{content:""\f03c""}.fa-industry:before{content:""\f275""}.fa-infinity:before{content:""\f534""}.fa-info:before{content:""\f129""}.fa-info-circle:before{content:""\f05a""}.fa-instagram:before{content:""\f16d""}.fa-internet-explorer:before{content:""\f26b""}.fa-ioxhost:before{content:""\f208""}.fa-italic:before{content:""\f033""}.fa-itunes:before{content:""\f3b4""}.fa-itunes-note:before{content:""\f3b5""}.fa-java:before{content:""\f4e4""}.fa-jedi:before{content:""\f669""}.fa-jedi-order:before{content:""\f50e""}.fa-jenkins:before{content:""\f3b6""}.fa-joget:before{content:""\f3b7""}.fa-joint:before{content:""\f595""}.fa-joomla:before{content:""\f1aa""}.fa-journal-whills:before{content:""\f66a""}.fa-js:before{content:""\f3b8""}.fa-js-square:before{content:""\f3b9""}.fa-jsfiddle:before{content:""\f1cc""}.fa-kaaba:before{content:""\f66b""}.fa-kaggle:before{content:""\f5fa""}.fa-key:before{content:""\f084""}.fa-keybase:before{content:""\f4f5""}.fa-keyboard:before{content:""\f11c""}.fa-keycdn:before{content:""\f3ba""}.fa-khanda:before{content:""\f66d""}.fa-kickstarter:before{content:""\f3bb""}.fa-kickstarter-k:before{content:""\f3bc""}.fa-kiss:before{content:""\f596""}.fa-kiss-beam:before{content:""\f597""}.fa-kiss-wink-heart:before{content:""\f598""}.fa-kiwi-bird:before{content:""\f535""}.fa-korvue:before{content:""\f42f""}.fa-landmark:before{content:""\f66f""}.fa-language:before{content:""\f1ab""}.fa-laptop:before{content:""\f109""}.fa-laptop-code:before{content:""\f5fc""}.fa-laravel:before{content:""\f3bd""}.fa-lastfm:before{content:""\f202""}.fa-lastfm-square:before{content:""\f203""}.fa-laugh:before{content:""\f599""}.fa-laugh-beam:before{content:""\f59a""}.fa-laugh-squint:before{content:""\f59b""}.fa-laugh-wink:before{content:""\f59c""}.fa-layer-group:before{content:""\f5fd""}.fa-leaf:before{content:""\f06c""}.fa-leanpub:before{content:""\f212""}.fa-lemon:before{content:""\f094""}.fa-less:before{content:""\f41d""}.fa-less-than:before{content:""\f536""}.fa-less-than-equal:before{content:""\f537""}.fa-level-down-alt:before{content:""\f3be""}.fa-level-up-alt:before{content:""\f3bf""}.fa-life-ring:before{content:""\f1cd""}.fa-lightbulb:before{content:""\f0eb""}.fa-line:before{content:""\f3c0""}.fa-link:before{content:""\f0c1""}.fa-linkedin:before{content:""\f08c""}.fa-linkedin-in:before{content:""\f0e1""}.fa-linode:before{content:""\f2b8""}.fa-linux:before{content:""\f17c""}.fa-lira-sign:before{content:""\f195""}.fa-list:before{content:""\f03a""}.fa-list-alt:before{content:""\f022""}.fa-list-ol:before{content:""\f0cb""}.fa-list-ul:before{content:""\f0ca""}.fa-location-arrow:before{content:""\f124""}.fa-lock:before{content:""\f023""}.fa-lock-open:before{content:""\f3c1""}.fa-long-arrow-alt-down:before{content:""\f309""}.fa-long-arrow-alt-left:before{content:""\f30a""}.fa-long-arrow-alt-right:before{content:""\f30b""}.fa-long-arrow-alt-up:before{content:""\f30c""}.fa-low-vision:before{content:""\f2a8""}.fa-luggage-cart:before{content:""\f59d""}.fa-lyft:before{content:""\f3c3""}.fa-magento:before{content:""\f3c4""}.fa-magic:before{content:""\f0d0""}.fa-magnet:before{content:""\f076""}.fa-mail-bulk:before{content:""\f674""}.fa-mailchimp:before{content:""\f59e""}.fa-male:before{content:""\f183""}.fa-mandalorian:before{content:""\f50f""}.fa-map:before{content:""\f279""}.fa-map-marked:before{content:""\f59f""}.fa-map-marked-alt:before{content:""\f5a0""}.fa-map-marker:before{content:""\f041""}.fa-map-marker-alt:before{content:""\f3c5""}.fa-map-pin:before{content:""\f276""}.fa-map-signs:before{content:""\f277""}.fa-markdown:before{content:""\f60f""}.fa-marker:before{content:""\f5a1""}.fa-mars:before{content:""\f222""}.fa-mars-double:before{content:""\f227""}.fa-mars-stroke:before{content:""\f229""}.fa-mars-stroke-h:before{content:""\f22b""}.fa-mars-stroke-v:before{content:""\f22a""}.fa-mastodon:before{content:""\f4f6""}.fa-maxcdn:before{content:""\f136""}.fa-medal:before{content:""\f5a2""}.fa-medapps:before{content:""\f3c6""}.fa-medium:before{content:""\f23a""}.fa-medium-m:before{content:""\f3c7""}.fa-medkit:before{content:""\f0fa""}.fa-medrt:before{content:""\f3c8""}.fa-meetup:before{content:""\f2e0""}.fa-megaport:before{content:""\f5a3""}.fa-meh:before{content:""\f11a""}.fa-meh-blank:before{content:""\f5a4""}.fa-meh-rolling-eyes:before{content:""\f5a5""}.fa-memory:before{content:""\f538""}.fa-menorah:before{content:""\f676""}.fa-mercury:before{content:""\f223""}.fa-microchip:before{content:""\f2db""}.fa-microphone:before{content:""\f130""}.fa-microphone-alt:before{content:""\f3c9""}.fa-microphone-alt-slash:before{content:""\f539""}.fa-microphone-slash:before{content:""\f131""}.fa-microscope:before{content:""\f610""}.fa-microsoft:before{content:""\f3ca""}.fa-minus:before{content:""\f068""}.fa-minus-circle:before{content:""\f056""}.fa-minus-square:before{content:""\f146""}.fa-mix:before{content:""\f3cb""}.fa-mixcloud:before{content:""\f289""}.fa-mizuni:before{content:""\f3cc""}.fa-mobile:before{content:""\f10b""}.fa-mobile-alt:before{content:""\f3cd""}.fa-modx:before{content:""\f285""}.fa-monero:before{content:""\f3d0""}.fa-money-bill:before{content:""\f0d6""}.fa-money-bill-alt:before{content:""\f3d1""}.fa-money-bill-wave:before{content:""\f53a""}.fa-money-bill-wave-alt:before{content:""\f53b""}.fa-money-check:before{content:""\f53c""}.fa-money-check-alt:before{content:""\f53d""}.fa-monument:before{content:""\f5a6""}.fa-moon:before{content:""\f186""}.fa-mortar-pestle:before{content:""\f5a7""}.fa-mosque:before{content:""\f678""}.fa-motorcycle:before{content:""\f21c""}.fa-mouse-pointer:before{content:""\f245""}.fa-music:before{content:""\f001""}.fa-napster:before{content:""\f3d2""}.fa-neos:before{content:""\f612""}.fa-neuter:before{content:""\f22c""}.fa-newspaper:before{content:""\f1ea""}.fa-nimblr:before{content:""\f5a8""}.fa-nintendo-switch:before{content:""\f418""}.fa-node:before{content:""\f419""}.fa-node-js:before{content:""\f3d3""}.fa-not-equal:before{content:""\f53e""}.fa-notes-medical:before{content:""\f481""}.fa-npm:before{content:""\f3d4""}.fa-ns8:before{content:""\f3d5""}.fa-nutritionix:before{content:""\f3d6""}.fa-object-group:before{content:""\f247""}.fa-object-ungroup:before{content:""\f248""}.fa-odnoklassniki:before{content:""\f263""}.fa-odnoklassniki-square:before{content:""\f264""}.fa-oil-can:before{content:""\f613""}.fa-old-republic:before{content:""\f510""}.fa-om:before{content:""\f679""}.fa-opencart:before{content:""\f23d""}.fa-openid:before{content:""\f19b""}.fa-opera:before{content:""\f26a""}.fa-optin-monster:before{content:""\f23c""}.fa-osi:before{content:""\f41a""}.fa-outdent:before{content:""\f03b""}.fa-page4:before{content:""\f3d7""}.fa-pagelines:before{content:""\f18c""}.fa-paint-brush:before{content:""\f1fc""}.fa-paint-roller:before{content:""\f5aa""}.fa-palette:before{content:""\f53f""}.fa-palfed:before{content:""\f3d8""}.fa-pallet:before{content:""\f482""}.fa-paper-plane:before{content:""\f1d8""}.fa-paperclip:before{content:""\f0c6""}.fa-parachute-box:before{content:""\f4cd""}.fa-paragraph:before{content:""\f1dd""}.fa-parking:before{content:""\f540""}.fa-passport:before{content:""\f5ab""}.fa-pastafarianism:before{content:""\f67b""}.fa-paste:before{content:""\f0ea""}.fa-patreon:before{content:""\f3d9""}.fa-pause:before{content:""\f04c""}.fa-pause-circle:before{content:""\f28b""}.fa-paw:before{content:""\f1b0""}.fa-paypal:before{content:""\f1ed""}.fa-peace:before{content:""\f67c""}.fa-pen:before{content:""\f304""}.fa-pen-alt:before{content:""\f305""}.fa-pen-fancy:before{content:""\f5ac""}.fa-pen-nib:before{content:""\f5ad""}.fa-pen-square:before{content:""\f14b""}.fa-pencil-alt:before{content:""\f303""}.fa-pencil-ruler:before{content:""\f5ae""}.fa-people-carry:before{content:""\f4ce""}.fa-percent:before{content:""\f295""}.fa-percentage:before{content:""\f541""}.fa-periscope:before{content:""\f3da""}.fa-phabricator:before{content:""\f3db""}.fa-phoenix-framework:before{content:""\f3dc""}.fa-phoenix-squadron:before{content:""\f511""}.fa-phone:before{content:""\f095""}.fa-phone-slash:before{content:""\f3dd""}.fa-phone-square:before{content:""\f098""}.fa-phone-volume:before{content:""\f2a0""}.fa-php:before{content:""\f457""}.fa-pied-piper:before{content:""\f2ae""}.fa-pied-piper-alt:before{content:""\f1a8""}.fa-pied-piper-hat:before{content:""\f4e5""}.fa-pied-piper-pp:before{content:""\f1a7""}.fa-piggy-bank:before{content:""\f4d3""}.fa-pills:before{content:""\f484""}.fa-pinterest:before{content:""\f0d2""}.fa-pinterest-p:before{content:""\f231""}.fa-pinterest-square:before{content:""\f0d3""}.fa-place-of-worship:before{content:""\f67f""}.fa-plane:before{content:""\f072""}.fa-plane-arrival:before{content:""\f5af""}.fa-plane-departure:before{content:""\f5b0""}.fa-play:before{content:""\f04b""}.fa-play-circle:before{content:""\f144""}.fa-playstation:before{content:""\f3df""}.fa-plug:before{content:""\f1e6""}.fa-plus:before{content:""\f067""}.fa-plus-circle:before{content:""\f055""}.fa-plus-square:before{content:""\f0fe""}.fa-podcast:before{content:""\f2ce""}.fa-poll:before{content:""\f681""}.fa-poll-h:before{content:""\f682""}.fa-poo:before{content:""\f2fe""}.fa-poop:before{content:""\f619""}.fa-portrait:before{content:""\f3e0""}.fa-pound-sign:before{content:""\f154""}.fa-power-off:before{content:""\f011""}.fa-pray:before{content:""\f683""}.fa-praying-hands:before{content:""\f684""}.fa-prescription:before{content:""\f5b1""}.fa-prescription-bottle:before{content:""\f485""}.fa-prescription-bottle-alt:before{content:""\f486""}.fa-print:before{content:""\f02f""}.fa-procedures:before{content:""\f487""}.fa-product-hunt:before{content:""\f288""}.fa-project-diagram:before{content:""\f542""}.fa-pushed:before{content:""\f3e1""}.fa-puzzle-piece:before{content:""\f12e""}.fa-python:before{content:""\f3e2""}.fa-qq:before{content:""\f1d6""}.fa-qrcode:before{content:""\f029""}.fa-question:before{content:""\f128""}.fa-question-circle:before{content:""\f059""}.fa-quidditch:before{content:""\f458""}.fa-quinscape:before{content:""\f459""}.fa-quora:before{content:""\f2c4""}.fa-quote-left:before{content:""\f10d""}.fa-quote-right:before{content:""\f10e""}.fa-quran:before{content:""\f687""}.fa-r-project:before{content:""\f4f7""}.fa-random:before{content:""\f074""}.fa-ravelry:before{content:""\f2d9""}.fa-react:before{content:""\f41b""}.fa-readme:before{content:""\f4d5""}.fa-rebel:before{content:""\f1d0""}.fa-receipt:before{content:""\f543""}.fa-recycle:before{content:""\f1b8""}.fa-red-river:before{content:""\f3e3""}.fa-reddit:before{content:""\f1a1""}.fa-reddit-alien:before{content:""\f281""}.fa-reddit-square:before{c",,,,,rolling,,"steps(8)}@keyframes fa-spin{0%{transform:rotate(0deg)}to{transform:rotate(1turn)}}.fa-rotate-90{-ms-filter:""progid:DXImageTransform.Microsoft.BasicImage(rotation=1)"";transform:rotate(90deg)}.fa-rotate-180{-ms-filter:""progid:DXImageTransform.Microsoft.BasicImage(rotation=2)"";transform:rotate(180deg)}.fa-rotate-270{-ms-filter:""progid:DXImageTransform.Microsoft.BasicImage(rotation=3)"";transform:rotate(270deg)}.fa-flip-horizontal{-ms-filter:""progid:DXImageTransform.Microsoft.BasicImage(rotation=0, mirror=1)"";transform:scaleX(-1)}.fa-flip-vertical{transform:scaleY(-1)}.fa-flip-horizontal.fa-flip-vertical,.fa-flip-vertical{-ms-filter:""progid:DXImageTransform.Microsoft.BasicImage(rotation=2, mirror=1)""}.fa-flip-horizontal.fa-flip-vertical{transform:scale(-1)}:root .fa-flip-horizontal,:root .fa-flip-vertical,:root .fa-rotate-90,:root .fa-rotate-180,:root .fa-rotate-270{-webkit-filter:none;filter:none}.fa-stack{display:inline-block;height:2em;line-height:2em;position:relative;vertical-align:middle;width:2em}.fa-stack-1x,.fa-stack-2x{left:0;position:absolute;text-align:center;width:100%}.fa-stack-1x{line-height:inherit}.fa-stack-2x{font-size:2em}.fa-inverse{color:#fff}.fa-500px:before{content:""\f26e""}.fa-accessible-icon:before{content:""\f368""}.fa-accusoft:before{content:""\f369""}.fa-ad:before{content:""\f641""}.fa-address-book:before{content:""\f2b9""}.fa-address-card:before{content:""\f2bb""}.fa-adjust:before{content:""\f042""}.fa-adn:before{content:""\f170""}.fa-adversal:before{content:""\f36a""}.fa-affiliatetheme:before{content:""\f36b""}.fa-air-freshener:before{content:""\f5d0""}.fa-algolia:before{content:""\f36c""}.fa-align-center:before{content:""\f037""}.fa-align-justify:before{content:""\f039""}.fa-align-left:before{content:""\f036""}.fa-align-right:before{content:""\f038""}.fa-alipay:before{content:""\f642""}.fa-allergies:before{content:""\f461""}.fa-amazon:before{content:""\f270""}.fa-amazon-pay:before{content:""\f42c""}.fa-ambulance:before{content:""\f0f9""}.fa-american-sign-language-interpreting:before{content:""\f2a3""}.fa-amilia:before{content:""\f36d""}.fa-anchor:before{content:""\f13d""}.fa-android:before{content:""\f17b""}.fa-angellist:before{content:""\f209""}.fa-angle-double-down:before{content:""\f103""}.fa-angle-double-left:before{content:""\f100""}.fa-angle-double-right:before{content:""\f101""}.fa-angle-double-up:before{content:""\f102""}.fa-angle-down:before{content:""\f107""}.fa-angle-left:before{content:""\f104""}.fa-angle-right:before{content:""\f105""}.fa-angle-up:before{content:""\f106""}.fa-angry:before{content:""\f556""}.fa-angrycreative:before{content:""\f36e""}.fa-angular:before{content:""\f420""}.fa-ankh:before{content:""\f644""}.fa-app-store:before{content:""\f36f""}.fa-app-store-ios:before{content:""\f370""}.fa-apper:before{content:""\f371""}.fa-apple:before{content:""\f179""}.fa-apple-alt:before{content:""\f5d1""}.fa-apple-pay:before{content:""\f415""}.fa-archive:before{content:""\f187""}.fa-archway:before{content:""\f557""}.fa-arrow-alt-circle-down:before{content:""\f358""}.fa-arrow-alt-circle-left:before{content:""\f359""}.fa-arrow-alt-circle-right:before{content:""\f35a""}.fa-arrow-alt-circle-up:before{content:""\f35b""}.fa-arrow-circle-down:before{content:""\f0ab""}.fa-arrow-circle-left:before{content:""\f0a8""}.fa-arrow-circle-right:before{content:""\f0a9""}.fa-arrow-circle-up:before{content:""\f0aa""}.fa-arrow-down:before{content:""\f063""}.fa-arrow-left:before{content:""\f060""}.fa-arrow-right:before{content:""\f061""}.fa-arrow-up:before{content:""\f062""}.fa-arrows-alt:before{content:""\f0b2""}.fa-arrows-alt-h:before{content:""\f337""}.fa-arrows-alt-v:before{content:""\f338""}.fa-assistive-listening-systems:before{content:""\f2a2""}.fa-asterisk:before{content:""\f069""}.fa-asymmetrik:before{content:""\f372""}.fa-at:before{content:""\f1fa""}.fa-atlas:before{content:""\f558""}.fa-atom:before{content:""\f5d2""}.fa-audible:before{content:""\f373""}.fa-audio-description:before{content:""\f29e""}.fa-autoprefixer:before{content:""\f41c""}.fa-avianex:before{content:""\f374""}.fa-aviato:before{content:""\f421""}.fa-award:before{content:""\f559""}.fa-aws:before{content:""\f375""}.fa-backspace:before{content:""\f55a""}.fa-backward:before{content:""\f04a""}.fa-balance-scale:before{content:""\f24e""}.fa-ban:before{content:""\f05e""}.fa-band-aid:before{content:""\f462""}.fa-bandcamp:before{content:""\f2d5""}.fa-barcode:before{content:""\f02a""}.fa-bars:before{content:""\f0c9""}.fa-baseball-ball:before{content:""\f433""}.fa-basketball-ball:before{content:""\f434""}.fa-bath:before{content:""\f2cd""}.fa-battery-empty:before{content:""\f244""}.fa-battery-full:before{content:""\f240""}.fa-battery-half:before{content:""\f242""}.fa-battery-quarter:before{content:""\f243""}.fa-battery-three-quarters:before{content:""\f241""}.fa-bed:before{content:""\f236""}.fa-beer:before{content:""\f0fc""}.fa-behance:before{content:""\f1b4""}.fa-behance-square:before{content:""\f1b5""}.fa-bell:before{content:""\f0f3""}.fa-bell-slash:before{content:""\f1f6""}.fa-bezier-curve:before{content:""\f55b""}.fa-bible:before{content:""\f647""}.fa-bicycle:before{content:""\f206""}.fa-bimobject:before{content:""\f378""}.fa-binoculars:before{content:""\f1e5""}.fa-birthday-cake:before{content:""\f1fd""}.fa-bitbucket:before{content:""\f171""}.fa-bitcoin:before{content:""\f379""}.fa-bity:before{content:""\f37a""}.fa-black-tie:before{content:""\f27e""}.fa-blackberry:before{content:""\f37b""}.fa-blender:before{content:""\f517""}.fa-blind:before{content:""\f29d""}.fa-blogger:before{content:""\f37c""}.fa-blogger-b:before{content:""\f37d""}.fa-bluetooth:before{content:""\f293""}.fa-bluetooth-b:before{content:""\f294""}.fa-bold:before{content:""\f032""}.fa-bolt:before{content:""\f0e7""}.fa-bomb:before{content:""\f1e2""}.fa-bone:before{content:""\f5d7""}.fa-bong:before{content:""\f55c""}.fa-book:before{content:""\f02d""}.fa-book-open:before{content:""\f518""}.fa-book-reader:before{content:""\f5da""}.fa-bookmark:before{content:""\f02e""}.fa-bowling-ball:before{content:""\f436""}.fa-box:before{content:""\f466""}.fa-box-open:before{content:""\f49e""}.fa-boxes:before{content:""\f468""}.fa-braille:before{content:""\f2a1""}.fa-brain:before{content:""\f5dc""}.fa-briefcase:before{content:""\f0b1""}.fa-briefcase-medical:before{content:""\f469""}.fa-broadcast-tower:before{content:""\f519""}.fa-broom:before{content:""\f51a""}.fa-brush:before{content:""\f55d""}.fa-btc:before{content:""\f15a""}.fa-bug:before{content:""\f188""}.fa-building:before{content:""\f1ad""}.fa-bullhorn:before{content:""\f0a1""}.fa-bullseye:before{content:""\f140""}.fa-burn:before{content:""\f46a""}.fa-buromobelexperte:before{content:""\f37f""}.fa-bus:before{content:""\f207""}.fa-bus-alt:before{content:""\f55e""}.fa-business-time:before{content:""\f64a""}.fa-buysellads:before{content:""\f20d""}.fa-calculator:before{content:""\f1ec""}.fa-calendar:before{content:""\f133""}.fa-calendar-alt:before{content:""\f073""}.fa-calendar-check:before{content:""\f274""}.fa-calendar-minus:before{content:""\f272""}.fa-calendar-plus:before{content:""\f271""}.fa-calendar-times:before{content:""\f273""}.fa-camera:before{content:""\f030""}.fa-camera-retro:before{content:""\f083""}.fa-cannabis:before{content:""\f55f""}.fa-capsules:before{content:""\f46b""}.fa-car:before{content:""\f1b9""}.fa-car-alt:before{content:""\f5de""}.fa-car-battery:before{content:""\f5df""}.fa-car-crash:before{content:""\f5e1""}.fa-car-side:before{content:""\f5e4""}.fa-caret-down:before{content:""\f0d7""}.fa-caret-left:before{content:""\f0d9""}.fa-caret-right:before{content:""\f0da""}.fa-caret-square-down:before{content:""\f150""}.fa-caret-square-left:before{content:""\f191""}.fa-caret-square-right:before{content:""\f152""}.fa-caret-square-up:before{content:""\f151""}.fa-caret-up:before{content:""\f0d8""}.fa-cart-arrow-down:before{content:""\f218""}.fa-cart-plus:before{content:""\f217""}.fa-cc-amazon-pay:before{content:""\f42d""}.fa-cc-amex:before{content:""\f1f3""}.fa-cc-apple-pay:before{content:""\f416""}.fa-cc-diners-club:before{content:""\f24c""}.fa-cc-discover:before{content:""\f1f2""}.fa-cc-jcb:before{content:""\f24b""}.fa-cc-mastercard:before{content:""\f1f1""}.fa-cc-paypal:before{content:""\f1f4""}.fa-cc-stripe:before{content:""\f1f5""}.fa-cc-visa:before{content:""\f1f0""}.fa-centercode:before{content:""\f380""}.fa-certificate:before{content:""\f0a3""}.fa-chalkboard:before{content:""\f51b""}.fa-chalkboard-teacher:before{content:""\f51c""}.fa-charging-station:before{content:""\f5e7""}.fa-chart-area:before{content:""\f1fe""}.fa-chart-bar:before{content:""\f080""}.fa-chart-line:before{content:""\f201""}.fa-chart-pie:before{content:""\f200""}.fa-check:before{content:""\f00c""}.fa-check-circle:before{content:""\f058""}.fa-check-double:before{content:""\f560""}.fa-check-square:before{content:""\f14a""}.fa-chess:before{content:""\f439""}.fa-chess-bishop:before{content:""\f43a""}.fa-chess-board:before{content:""\f43c""}.fa-chess-king:before{content:""\f43f""}.fa-chess-knight:before{content:""\f441""}.fa-chess-pawn:before{content:""\f443""}.fa-chess-queen:before{content:""\f445""}.fa-chess-rook:before{content:""\f447""}.fa-chevron-circle-down:before{content:""\f13a""}.fa-chevron-circle-left:before{content:""\f137""}.fa-chevron-circle-right:before{content:""\f138""}.fa-chevron-circle-up:before{content:""\f139""}.fa-chevron-down:before{content:""\f078""}.fa-chevron-left:before{content:""\f053""}.fa-chevron-right:before{content:""\f054""}.fa-chevron-up:before{content:""\f077""}.fa-child:before{content:""\f1ae""}.fa-chrome:before{content:""\f268""}.fa-church:before{content:""\f51d""}.fa-circle:before{content:""\f111""}.fa-circle-notch:before{content:""\f1ce""}.fa-city:before{content:""\f64f""}.fa-clipboard:before{content:""\f328""}.fa-clipboard-check:before{content:""\f46c""}.fa-clipboard-list:before{content:""\f46d""}.fa-clock:before{content:""\f017""}.fa-clone:before{content:""\f24d""}.fa-closed-captioning:before{content:""\f20a""}.fa-cloud:before{content:""\f0c2""}.fa-cloud-download-alt:before{content:""\f381""}.fa-cloud-upload-alt:before{content:""\f382""}.fa-cloudscale:before{content:""\f383""}.fa-cloudsmith:before{content:""\f384""}.fa-cloudversify:before{content:""\f385""}.fa-cocktail:before{content:""\f561""}.fa-code:before{content:""\f121""}.fa-code-branch:before{content:""\f126""}.fa-codepen:before{content:""\f1cb""}.fa-codiepie:before{content:""\f284""}.fa-coffee:before{content:""\f0f4""}.fa-cog:before{content:""\f013""}.fa-cogs:before{content:""\f085""}.fa-coins:before{content:""\f51e""}.fa-columns:before{content:""\f0db""}.fa-comment:before{content:""\f075""}.fa-comment-alt:before{content:""\f27a""}.fa-comment-dollar:before{content:""\f651""}.fa-comment-dots:before{content:""\f4ad""}.fa-comment-slash:before{content:""\f4b3""}.fa-comments:before{content:""\f086""}.fa-comments-dollar:before{content:""\f653""}.fa-compact-disc:before{content:""\f51f""}.fa-compass:before{content:""\f14e""}.fa-compress:before{content:""\f066""}.fa-concierge-bell:before{content:""\f562""}.fa-connectdevelop:before{content:""\f20e""}.fa-contao:before{content:""\f26d""}.fa-cookie:before{content:""\f563""}.fa-cookie-bite:before{content:""\f564""}.fa-copy:before{content:""\f0c5""}.fa-copyright:before{content:""\f1f9""}.fa-couch:before{content:""\f4b8""}.fa-cpanel:before{content:""\f388""}.fa-creative-commons:before{content:""\f25e""}.fa-creative-commons-by:before{content:""\f4e7""}.fa-creative-commons-nc:before{content:""\f4e8""}.fa-creative-commons-nc-eu:before{content:""\f4e9""}.fa-creative-commons-nc-jp:before{content:""\f4ea""}.fa-creative-commons-nd:before{content:""\f4eb""}.fa-creative-commons-pd:before{content:""\f4ec""}.fa-creative-commons-pd-alt:before{content:""\f4ed""}.fa-creative-commons-remix:before{content:""\f4ee""}.fa-creative-commons-sa:before{content:""\f4ef""}.fa-creative-commons-sampling:before{content:""\f4f0""}.fa-creative-commons-sampling-plus:before{content:""\f4f1""}.fa-creative-commons-share:before{content:""\f4f2""}.fa-credit-card:before{content:""\f09d""}.fa-crop:before{content:""\f125""}.fa-crop-alt:before{content:""\f565""}.fa-cross:before{content:""\f654""}.fa-crosshairs:before{content:""\f05b""}.fa-crow:before{content:""\f520""}.fa-crown:before{content:""\f521""}.fa-css3:before{content:""\f13c""}.fa-css3-alt:before{content:""\f38b""}.fa-cube:before{content:""\f1b2""}.fa-cubes:before{content:""\f1b3""}.fa-cut:before{content:""\f0c4""}.fa-cuttlefish:before{content:""\f38c""}.fa-d-and-d:before{content:""\f38d""}.fa-dashcube:before{content:""\f210""}.fa-database:before{content:""\f1c0""}.fa-deaf:before{content:""\f2a4""}.fa-delicious:before{content:""\f1a5""}.fa-deploydog:before{content:""\f38e""}.fa-deskpro:before{content:""\f38f""}.fa-desktop:before{content:""\f108""}.fa-deviantart:before{content:""\f1bd""}.fa-dharmachakra:before{content:""\f655""}.fa-diagnoses:before{content:""\f470""}.fa-dice:before{content:""\f522""}.fa-dice-five:before{content:""\f523""}.fa-dice-four:before{content:""\f524""}.fa-dice-one:before{content:""\f525""}.fa-dice-six:before{content:""\f526""}.fa-dice-three:before{content:""\f527""}.fa-dice-two:before{content:""\f528""}.fa-digg:before{content:""\f1a6""}.fa-digital-ocean:before{content:""\f391""}.fa-digital-tachograph:before{content:""\f566""}.fa-directions:before{content:""\f5eb""}.fa-discord:before{content:""\f392""}.fa-discourse:before{content:""\f393""}.fa-divide:before{content:""\f529""}.fa-dizzy:before{content:""\f567""}.fa-dna:before{content:""\f471""}.fa-dochub:before{content:""\f394""}.fa-docker:before{content:""\f395""}.fa-dollar-sign:before{content:""\f155""}.fa-dolly:before{content:""\f472""}.fa-dolly-flatbed:before{content:""\f474""}.fa-donate:before{content:""\f4b9""}.fa-door-closed:before{content:""\f52a""}.fa-door-open:before{content:""\f52b""}.fa-dot-circle:before{content:""\f192""}.fa-dove:before{content:""\f4ba""}.fa-download:before{content:""\f019""}.fa-draft2digital:before{content:""\f396""}.fa-drafting-compass:before{content:""\f568""}.fa-draw-polygon:before{content:""\f5ee""}.fa-dribbble:before{content:""\f17d""}.fa-dribbble-square:before{content:""\f397""}.fa-dropbox:before{content:""\f16b""}.fa-drum:before{content:""\f569""}.fa-drum-steelpan:before{content:""\f56a""}.fa-drupal:before{content:""\f1a9""}.fa-dumbbell:before{content:""\f44b""}.fa-dyalog:before{content:""\f399""}.fa-earlybirds:before{content:""\f39a""}.fa-ebay:before{content:""\f4f4""}.fa-edge:before{content:""\f282""}.fa-edit:before{content:""\f044""}.fa-eject:before{content:""\f052""}.fa-elementor:before{content:""\f430""}.fa-ellipsis-h:before{content:""\f141""}.fa-ellipsis-v:before{content:""\f142""}.fa-ello:before{content:""\f5f1""}.fa-ember:before{content:""\f423""}.fa-empire:before{content:""\f1d1""}.fa-envelope:before{content:""\f0e0""}.fa-envelope-open:before{content:""\f2b6""}.fa-envelope-open-text:before{content:""\f658""}.fa-envelope-square:before{content:""\f199""}.fa-envira:before{content:""\f299""}.fa-equals:before{content:""\f52c""}.fa-eraser:before{content:""\f12d""}.fa-erlang:before{content:""\f39d""}.fa-ethereum:before{content:""\f42e""}.fa-etsy:before{content:""\f2d7""}.fa-euro-sign:before{content:""\f153""}.fa-exchange-alt:before{content:""\f362""}.fa-exclamation:before{content:""\f12a""}.fa-exclamation-circle:before{content:""\f06a""}.fa-exclamation-triangle:before{content:""\f071""}.fa-expand:before{content:""\f065""}.fa-expand-arrows-alt:before{content:""\f31e""}.fa-expeditedssl:before{content:""\f23e""}.fa-external-link-alt:before{content:""\f35d""}.fa-external-link-square-alt:before{content:""\f360""}.fa-eye:before{content:""\f06e""}.fa-eye-dropper:before{content:""\f1fb""}.fa-eye-slash:before{content:""\f070""}.fa-facebook:before{content:""\f09a""}.fa-facebook-f:before{content:""\f39e""}.fa-facebook-messenger:before{content:""\f39f""}.fa-facebook-square:before{content:""\f082""}.fa-fast-backward:before{content:""\f049""}.fa-fast-forward:before{content:""\f050""}.fa-fax:before{content:""\f1ac""}.fa-feather:before{content:""\f52d""}.fa-feather-alt:before{content:""\f56b""}.fa-female:before{content:""\f182""}.fa-fighter-jet:before{content:""\f0fb""}.fa-file:before{content:""\f15b""}.fa-file-alt:before{content:""\f15c""}.fa-file-archive:before{content:""\f1c6""}.fa-file-audio:before{content:""\f1c7""}.fa-file-code:before{content:""\f1c9""}.fa-file-contract:before{content:""\f56c""}.fa-file-download:before{content:""\f56d""}.fa-file-excel:before{content:""\f1c3""}.fa-file-export:before{content:""\f56e""}.fa-file-image:before{content:""\f1c5""}.fa-file-import:before{content:""\f56f""}.fa-file-invoice:before{content:""\f570""}.fa-file-invoice-dollar:before{content:""\f571""}.fa-file-medical:before{content:""\f477""}.fa-file-medical-alt:before{content:""\f478""}.fa-file-pdf:before{content:""\f1c1""}.fa-file-powerpoint:before{content:""\f1c4""}.fa-file-prescription:before{content:""\f572""}.fa-file-signature:before{content:""\f573""}.fa-file-upload:before{content:""\f574""}.fa-file-video:before{content:""\f1c8""}.fa-file-word:before{content:""\f1c2""}.fa-fill:before{content:""\f575""}.fa-fill-drip:before{content:""\f576""}.fa-film:before{content:""\f008""}.fa-filter:before{content:""\f0b0""}.fa-fingerprint:before{content:""\f577""}.fa-fire:before{content:""\f06d""}.fa-fire-extinguisher:before{content:""\f134""}.fa-firefox:before{content:""\f269""}.fa-first-aid:before{content:""\f479""}.fa-first-order:before{content:""\f2b0""}.fa-first-order-alt:before{content:""\f50a""}.fa-firstdraft:before{content:""\f3a1""}.fa-fish:before{content:""\f578""}.fa-flag:before{content:""\f024""}.fa-flag-checkered:before{content:""\f11e""}.fa-flask:before{content:""\f0c3""}.fa-flickr:before{content:""\f16e""}.fa-flipboard:before{content:""\f44d""}.fa-flushed:before{content:""\f579""}.fa-fly:before{content:""\f417""}.fa-folder:before{content:""\f07b""}.fa-folder-minus:before{content:""\f65d""}.fa-folder-open:before{content:""\f07c""}.fa-folder-plus:before{content:""\f65e""}.fa-font:before{content:""\f031""}.fa-font-awesome:before{content:""\f2b4""}.fa-font-awesome-alt:before{content:""\f35c""}.fa-font-awesome-flag:before{content:""\f425""}.fa-font-awesome-logo-full:before{content:""\f4e6""}.fa-fonticons:before{content:""\f280""}.fa-fonticons-fi:before{content:""\f3a2""}.fa-football-ball:before{content:""\f44e""}.fa-fort-awesome:before{content:""\f286""}.fa-fort-awesome-alt:before{content:""\f3a3""}.fa-forumbee:before{content:""\f211""}.fa-forward:before{content:""\f04e""}.fa-foursquare:before{content:""\f180""}.fa-free-code-camp:before{content:""\f2c5""}.fa-freebsd:before{content:""\f3a4""}.fa-frog:before{content:""\f52e""}.fa-frown:before{content:""\f119""}.fa-frown-open:before{content:""\f57a""}.fa-fulcrum:before{content:""\f50b""}.fa-funnel-dollar:before{content:""\f662""}.fa-futbol:before{content:""\f1e3""}.fa-galactic-republic:before{content:""\f50c""}.fa-galactic-senate:before{content:""\f50d""}.fa-gamepad:before{content:""\f11b""}.fa-gas-pump:before{content:""\f52f""}.fa-gavel:before{content:""\f0e3""}.fa-gem:before{content:""\f3a5""}.fa-genderless:before{content:""\f22d""}.fa-get-pocket:before{content:""\f265""}.fa-gg:before{content:""\f260""}.fa-gg-circle:before{content:""\f261""}.fa-gift:before{content:""\f06b""}.fa-git:before{content:""\f1d3""}.fa-git-square:before{content:""\f1d2""}.fa-github:before{content:""\f09b""}.fa-github-alt:before{content:""\f113""}.fa-github-square:before{content:""\f092""}.fa-gitkraken:before{content:""\f3a6""}.fa-gitlab:before{content:""\f296""}.fa-gitter:before{content:""\f426""}.fa-glass-martini:before{content:""\f000""}.fa-glass-martini-alt:before{content:""\f57b""}.fa-glasses:before{content:""\f530""}.fa-glide:before{content:""\f2a5""}.fa-glide-g:before{content:""\f2a6""}.fa-globe:before{content:""\f0ac""}.fa-globe-africa:before{content:""\f57c""}.fa-globe-americas:before{content:""\f57d""}.fa-globe-asia:before{content:""\f57e""}.fa-gofore:before{content:""\f3a7""}.fa-golf-ball:before{content:""\f450""}.fa-goodreads:before{content:""\f3a8""}.fa-goodreads-g:before{content:""\f3a9""}.fa-google:before{content:""\f1a0""}.fa-google-drive:before{content:""\f3aa""}.fa-google-play:before{content:""\f3ab""}.fa-google-plus:before{content:""\f2b3""}.fa-google-plus-g:before{content:""\f0d5""}.fa-google-plus-square:before{content:""\f0d4""}.fa-google-wallet:before{content:""\f1ee""}.fa-gopuram:before{content:""\f664""}.fa-graduation-cap:before{content:""\f19d""}.fa-gratipay:before{content:""\f184""}.fa-grav:before{content:""\f2d6""}.fa-greater-than:before{content:""\f531""}.fa-greater-than-equal:before{content:""\f532""}.fa-grimace:before{content:""\f57f""}.fa-grin:before{content:""\f580""}.fa-grin-alt:before{content:""\f581""}.fa-grin-beam:before{content:""\f582""}.fa-grin-beam-sweat:before{content:""\f583""}.fa-grin-hearts:before{content:""\f584""}.fa-grin-squint:before{content:""\f585""}.fa-grin-squint-tears:before{content:""\f586""}.fa-grin-stars:before{content:""\f587""}.fa-grin-tears:before{content:""\f588""}.fa-grin-tongue:before{content:""\f589""}.fa-grin-tongue-squint:before{content:""\f58a""}.fa-grin-tongue-wink:before{content:""\f58b""}.fa-grin-wink:before{content:""\f58c""}.fa-grip-horizontal:before{content:""\f58d""}.fa-grip-vertical:before{content:""\f58e""}.fa-gripfire:before{content:""\f3ac""}.fa-grunt:before{content:""\f3ad""}.fa-gulp:before{content:""\f3ae""}.fa-h-square:before{content:""\f0fd""}.fa-hacker-news:before{content:""\f1d4""}.fa-hacker-news-square:before{content:""\f3af""}.fa-hackerrank:before{content:""\f5f7""}.fa-hamsa:before{content:""\f665""}.fa-hand-holding:before{content:""\f4bd""}.fa-hand-holding-heart:before{content:""\f4be""}.fa-hand-holding-usd:before{content:""\f4c0""}.fa-hand-lizard:before{content:""\f258""}.fa-hand-paper:before{content:""\f256""}.fa-hand-peace:before{content:""\f25b""}.fa-hand-point-down:before{content:""\f0a7""}.fa-hand-point-left:before{content:""\f0a5""}.fa-hand-point-right:before{content:""\f0a4""}.fa-hand-point-up:before{content:""\f0a6""}.fa-hand-pointer:before{content:""\f25a""}.fa-hand-rock:before{content:""\f255""}.fa-hand-scissors:before{content:""\f257""}.fa-hand-spock:before{content:""\f259""}.fa-hands:before{content:""\f4c2""}.fa-hands-helping:before{content:""\f4c4""}.fa-handshake:before{content:""\f2b5""}.fa-hashtag:before{content:""\f292""}.fa-haykal:before{content:""\f666""}.fa-hdd:before{content:""\f0a0""}.fa-heading:before{content:""\f1dc""}.fa-headphones:before{content:""\f025""}.fa-headphones-alt:before{content:""\f58f""}.fa-headset:before{content:""\f590""}.fa-heart:before{content:""\f004""}.fa-heartbeat:before{content:""\f21e""}.fa-helicopter:before{content:""\f533""}.fa-highlighter:before{content:""\f591""}.fa-hips:before{content:""\f452""}.fa-hire-a-helper:before{content:""\f3b0""}.fa-history:before{content:""\f1da""}.fa-hockey-puck:before{content:""\f453""}.fa-home:before{content:""\f015""}.fa-hooli:before{content:""\f427""}.fa-hornbill:before{content:""\f592""}.fa-hospital:before{content:""\f0f8""}.fa-hospital-alt:before{content:""\f47d""}.fa-hospital-symbol:before{content:""\f47e""}.fa-hot-tub:before{content:""\f593""}.fa-hotel:before{content:""\f594""}.fa-hotjar:before{content:""\f3b1""}.fa-hourglass:before{content:""\f254""}.fa-hourglass-end:before{content:""\f253""}.fa-hourglass-half:before{content:""\f252""}.fa-hourglass-start:before{content:""\f251""}.fa-houzz:before{content:""\f27c""}.fa-html5:before{content:""\f13b""}.fa-hubspot:before{content:""\f3b2""}.fa-i-cursor:before{content:""\f246""}.fa-id-badge:before{content:""\f2c1""}.fa-id-card:before{content:""\f2c2""}.fa-id-card-alt:before{content:""\f47f""}.fa-image:before{content:""\f03e""}.fa-images:before{content:""\f302""}.fa-imdb:before{content:""\f2d8""}.fa-inbox:before{content:""\f01c""}.fa-indent:before{content:""\f03c""}.fa-industry:before{content:""\f275""}.fa-infinity:before{content:""\f534""}.fa-info:before{content:""\f129""}.fa-info-circle:before{content:""\f05a""}.fa-instagram:before{content:""\f16d""}.fa-internet-explorer:before{content:""\f26b""}.fa-ioxhost:before{content:""\f208""}.fa-italic:before{content:""\f033""}.fa-itunes:before{content:""\f3b4""}.fa-itunes-note:before{content:""\f3b5""}.fa-java:before{content:""\f4e4""}.fa-jedi:before{content:""\f669""}.fa-jedi-order:before{content:""\f50e""}.fa-jenkins:before{content:""\f3b6""}.fa-joget:before{content:""\f3b7""}.fa-joint:before{content:""\f595""}.fa-joomla:before{content:""\f1aa""}.fa-journal-whills:before{content:""\f66a""}.fa-js:before{content:""\f3b8""}.fa-js-square:before{content:""\f3b9""}.fa-jsfiddle:before{content:""\f1cc""}.fa-kaaba:before{content:""\f66b""}.fa-kaggle:before{content:""\f5fa""}.fa-key:before{content:""\f084""}.fa-keybase:before{content:""\f4f5""}.fa-keyboard:before{content:""\f11c""}.fa-keycdn:before{content:""\f3ba""}.fa-khanda:before{content:""\f66d""}.fa-kickstarter:before{content:""\f3bb""}.fa-kickstarter-k:before{content:""\f3bc""}.fa-kiss:before{content:""\f596""}.fa-kiss-beam:before{content:""\f597""}.fa-kiss-wink-heart:before{content:""\f598""}.fa-kiwi-bird:before{content:""\f535""}.fa-korvue:before{content:""\f42f""}.fa-landmark:before{content:""\f66f""}.fa-language:before{content:""\f1ab""}.fa-laptop:before{content:""\f109""}.fa-laptop-code:before{content:""\f5fc""}.fa-laravel:before{content:""\f3bd""}.fa-lastfm:before{content:""\f202""}.fa-lastfm-square:before{content:""\f203""}.fa-laugh:before{content:""\f599""}.fa-laugh-beam:before{content:""\f59a""}.fa-laugh-squint:before{content:""\f59b""}.fa-laugh-wink:before{content:""\f59c""}.fa-layer-group:before{content:""\f5fd""}.fa-leaf:before{content:""\f06c""}.fa-leanpub:before{content:""\f212""}.fa-lemon:before{content:""\f094""}.fa-less:before{content:""\f41d""}.fa-less-than:before{content:""\f536""}.fa-less-than-equal:before{content:""\f537""}.fa-level-down-alt:before{content:""\f3be""}.fa-level-up-alt:before{content:""\f3bf""}.fa-life-ring:before{content:""\f1cd""}.fa-lightbulb:before{content:""\f0eb""}.fa-line:before{content:""\f3c0""}.fa-link:before{content:""\f0c1""}.fa-linkedin:before{content:""\f08c""}.fa-linkedin-in:before{content:""\f0e1""}.fa-linode:before{content:""\f2b8""}.fa-linux:before{content:""\f17c""}.fa-lira-sign:before{content:""\f195""}.fa-list:before{content:""\f03a""}.fa-list-alt:before{content:""\f022""}.fa-list-ol:before{content:""\f0cb""}.fa-list-ul:before{content:""\f0ca""}.fa-location-arrow:before{content:""\f124""}.fa-lock:before{content:""\f023""}.fa-lock-open:before{content:""\f3c1""}.fa-long-arrow-alt-down:before{content:""\f309""}.fa-long-arrow-alt-left:before{content:""\f30a""}.fa-long-arrow-alt-right:before{content:""\f30b""}.fa-long-arrow-alt-up:before{content:""\f30c""}.fa-low-vision:before{content:""\f2a8""}.fa-luggage-cart:before{content:""\f59d""}.fa-lyft:before{content:""\f3c3""}.fa-magento:before{content:""\f3c4""}.fa-magic:before{content:""\f0d0""}.fa-magnet:before{content:""\f076""}.fa-mail-bulk:before{content:""\f674""}.fa-mailchimp:before{content:""\f59e""}.fa-male:before{content:""\f183""}.fa-mandalorian:before{content:""\f50f""}.fa-map:before{content:""\f279""}.fa-map-marked:before{content:""\f59f""}.fa-map-marked-alt:before{content:""\f5a0""}.fa-map-marker:before{content:""\f041""}.fa-map-marker-alt:before{content:""\f3c5""}.fa-map-pin:before{content:""\f276""}.fa-map-signs:before{content:""\f277""}.fa-markdown:before{content:""\f60f""}.fa-marker:before{content:""\f5a1""}.fa-mars:before{content:""\f222""}.fa-mars-double:before{content:""\f227""}.fa-mars-stroke:before{content:""\f229""}.fa-mars-stroke-h:before{content:""\f22b""}.fa-mars-stroke-v:before{content:""\f22a""}.fa-mastodon:before{content:""\f4f6""}.fa-maxcdn:before{content:""\f136""}.fa-medal:before{content:""\f5a2""}.fa-medapps:before{content:""\f3c6""}.fa-medium:before{content:""\f23a""}.fa-medium-m:before{content:""\f3c7""}.fa-medkit:before{content:""\f0fa""}.fa-medrt:before{content:""\f3c8""}.fa-meetup:before{content:""\f2e0""}.fa-megaport:before{content:""\f5a3""}.fa-meh:before{content:""\f11a""}.fa-meh-blank:before{content:""\f5a4""}.fa-meh-rolling-eyes:before{content:""\f5a5""}.fa-memory:before{content:""\f538""}.fa-menorah:before{content:""\f676""}.fa-mercury:before{content:""\f223""}.fa-microchip:before{content:""\f2db""}.fa-microphone:before{content:""\f130""}.fa-microphone-alt:before{content:""\f3c9""}.fa-microphone-alt-slash:before{content:""\f539""}.fa-microphone-slash:before{content:""\f131""}.fa-microscope:before{content:""\f610""}.fa-microsoft:before{content:""\f3ca""}.fa-minus:before{content:""\f068""}.fa-minus-circle:before{content:""\f056""}.fa-minus-square:before{content:""\f146""}.fa-mix:before{content:""\f3cb""}.fa-mixcloud:before{content:""\f289""}.fa-mizuni:before{content:""\f3cc""}.fa-mobile:before{content:""\f10b""}.fa-mobile-alt:before{content:""\f3cd""}.fa-modx:before{content:""\f285""}.fa-monero:before{content:""\f3d0""}.fa-money-bill:before{content:""\f0d6""}.fa-money-bill-alt:before{content:""\f3d1""}.fa-money-bill-wave:before{content:""\f53a""}.fa-money-bill-wave-alt:before{content:""\f53b""}.fa-money-check:before{content:""\f53c""}.fa-money-check-alt:before{content:""\f53d""}.fa-monument:before{content:""\f5a6""}.fa-moon:before{content:""\f186""}.fa-mortar-pestle:before{content:""\f5a7""}.fa-mosque:before{content:""\f678""}.fa-motorcycle:before{content:""\f21c""}.fa-mouse-pointer:before{content:""\f245""}.fa-music:before{content:""\f001""}.fa-napster:before{content:""\f3d2""}.fa-neos:before{content:""\f612""}.fa-neuter:before{content:""\f22c""}.fa-newspaper:before{content:""\f1ea""}.fa-nimblr:before{content:""\f5a8""}.fa-nintendo-switch:before{content:""\f418""}.fa-node:before{content:""\f419""}.fa-node-js:before{content:""\f3d3""}.fa-not-equal:before{content:""\f53e""}.fa-notes-medical:before{content:""\f481""}.fa-npm:before{content:""\f3d4""}.fa-ns8:before{content:""\f3d5""}.fa-nutritionix:before{content:""\f3d6""}.fa-object-group:before{content:""\f247""}.fa-object-ungroup:before{content:""\f248""}.fa-odnoklassniki:before{content:""\f263""}.fa-odnoklassniki-square:before{content:""\f264""}.fa-oil-can:before{content:""\f613""}.fa-old-republic:before{content:""\f510""}.fa-om:before{content:""\f679""}.fa-opencart:before{content:""\f23d""}.fa-openid:before{content:""\f19b""}.fa-opera:before{content:""\f26a""}.fa-optin-monster:before{content:""\f23c""}.fa-osi:before{content:""\f41a""}.fa-outdent:before{content:""\f03b""}.fa-page4:before{content:""\f3d7""}.fa-pagelines:before{content:""\f18c""}.fa-paint-brush:before{content:""\f1fc""}.fa-paint-roller:before{content:""\f5aa""}.fa-palette:before{content:""\f53f""}.fa-palfed:before{content:""\f3d8""}.fa-pallet:before{content:""\f482""}.fa-paper-plane:before{content:""\f1d8""}.fa-paperclip:before{content:""\f0c6""}.fa-parachute-box:before{content:""\f4cd""}.fa-paragraph:before{content:""\f1dd""}.fa-parking:before{content:""\f540""}.fa-passport:before{content:""\f5ab""}.fa-pastafarianism:before{content:""\f67b""}.fa-paste:before{content:""\f0ea""}.fa-patreon:before{content:""\f3d9""}.fa-pause:before{content:""\f04c""}.fa-pause-circle:before{content:""\f28b""}.fa-paw:before{content:""\f1b0""}.fa-paypal:before{content:""\f1ed""}.fa-peace:before{content:""\f67c""}.fa-pen:before{content:""\f304""}.fa-pen-alt:before{content:""\f305""}.fa-pen-fancy:before{content:""\f5ac""}.fa-pen-nib:before{content:""\f5ad""}.fa-pen-square:before{content:""\f14b""}.fa-pencil-alt:before{content:""\f303""}.fa-pencil-ruler:before{content:""\f5ae""}.fa-people-carry:before{content:""\f4ce""}.fa-percent:before{content:""\f295""}.fa-percentage:before{content:""\f541""}.fa-periscope:before{content:""\f3da""}.fa-phabricator:before{content:""\f3db""}.fa-phoenix-framework:before{content:""\f3dc""}.fa-phoenix-squadron:before{content:""\f511""}.fa-phone:before{content:""\f095""}.fa-phone-slash:before{content:""\f3dd""}.fa-phone-square:before{content:""\f098""}.fa-phone-volume:before{content:""\f2a0""}.fa-php:before{content:""\f457""}.fa-pied-piper:before{content:""\f2ae""}.fa-pied-piper-alt:before{content:""\f1a8""}.fa-pied-piper-hat:before{content:""\f4e5""}.fa-pied-piper-pp:before{content:""\f1a7""}.fa-piggy-bank:before{content:""\f4d3""}.fa-pills:before{content:""\f484""}.fa-pinterest:before{content:""\f0d2""}.fa-pinterest-p:before{content:""\f231""}.fa-pinterest-square:before{content:""\f0d3""}.fa-place-of-worship:before{content:""\f67f""}.fa-plane:before{content:""\f072""}.fa-plane-arrival:before{content:""\f5af""}.fa-plane-departure:before{content:""\f5b0""}.fa-play:before{content:""\f04b""}.fa-play-circle:before{content:""\f144""}.fa-playstation:before{content:""\f3df""}.fa-plug:before{content:""\f1e6""}.fa-plus:before{content:""\f067""}.fa-plus-circle:before{content:""\f055""}.fa-plus-square:before{content:""\f0fe""}.fa-podcast:before{content:""\f2ce""}.fa-poll:before{content:""\f681""}.fa-poll-h:before{content:""\f682""}.fa-poo:before{content:""\f2fe""}.fa-poop:before{content:""\f619""}.fa-portrait:before{content:""\f3e0""}.fa-pound-sign:before{content:""\f154""}.fa-power-off:before{content:""\f011""}.fa-pray:before{content:""\f683""}.fa-praying-hands:before{content:""\f684""}.fa-prescription:before{content:""\f5b1""}.fa-prescription-bottle:before{content:""\f485""}.fa-prescription-bottle-alt:before{content:""\f486""}.fa-print:before{content:""\f02f""}.fa-procedures:before{content:""\f487""}.fa-product-hunt:before{content:""\f288""}.fa-project-diagram:before{content:""\f542""}.fa-pushed:before{content:""\f3e1""}.fa-puzzle-piece:before{content:""\f12e""}.fa-python:before{content:""\f3e2""}.fa-qq:before{content:""\f1d6""}.fa-qrcode:before{content:""\f029""}.fa-question:before{content:""\f128""}.fa-question-circle:before{content:""\f059""}.fa-quidditch:before{content:""\f458""}.fa-quinscape:before{content:""\f459""}.fa-quora:before{content:""\f2c4""}.fa-quote-left:before{content:""\f10d""}.fa-quote-right:before{content:""\f10e""}.fa-quran:before{content:""\f687""}.fa-r-project:before{content:""\f4f7""}.fa-random:before{content:""\f074""}.fa-ravelry:before{content:""\f2d9""}.fa-react:before{content:""\f41b""}.fa-readme:before{content:""\f4d5""}.fa-rebel:before{content:""\f1d0""}.fa-receipt:before{content:""\f543""}.fa-recycle:before{content:""\f1b8""}.fa-red-river:before{content:""\f3e3""}.fa-reddit:before{content:""\f1a1""}.fa-reddit-alien:before{content:""\f281""}.fa-reddit-square:before{c",,,https://ubiquity.vc/fonts/fontawesome-free/css/all.min.css,https://ubiquity.vc/,,,,,,,,,,rolling,Rolling applications,"steps(8)}@keyframes fa-spin{0%{transform:rotate(0deg)}to{transform:rotate(1turn)}}.fa-rotate-90{-ms-filter:""progid:DXImageTransform.Microsoft.BasicImage(rotation=1)"";transform:rotate(90deg)}.fa-rotate-180{-ms-filter:""progid:DXImageTransform.Microsoft.BasicImage(rotation=2)"";transform:rotate(180deg)}.fa-rotate-270{-ms-filter:""progid:DXImageTransform.Microsoft.BasicImage(rotation=3)"";transform:rotate(270deg)}.fa-flip-horizontal{-ms-filter:""progid:DXImageTransform.Microsoft.BasicImage(rotation=0, mirror=1)"";transform:scaleX(-1)}.fa-flip-vertical{transform:scaleY(-1)}.fa-flip-horizontal.fa-flip-vertical,.fa-flip-vertical{-ms-filter:""progid:DXImageTransform.Microsoft.BasicImage(rotation=2, mirror=1)""}.fa-flip-horizontal.fa-flip-vertical{transform:scale(-1)}:root .fa-flip-horizontal,:root .fa-flip-vertical,:root .fa-rotate-90,:root .fa-rotate-180,:root .fa-rotate-270{-webkit-filter:none;filter:none}.fa-stack{display:inline-block;height:2em;line-height:2em;position:relative;vertical-align:middle;width:2em}.fa-stack-1x,.fa-stack-2x{left:0;position:absolute;text-align:center;width:100%}.fa-stack-1x{line-height:inherit}.fa-stack-2x{font-size:2em}.fa-inverse{color:#fff}.fa-500px:before{content:""\f26e""}.fa-accessible-icon:before{content:""\f368""}.fa-accusoft:before{content:""\f369""}.fa-ad:before{content:""\f641""}.fa-address-book:before{content:""\f2b9""}.fa-address-card:before{content:""\f2bb""}.fa-adjust:before{content:""\f042""}.fa-adn:before{content:""\f170""}.fa-adversal:before{content:""\f36a""}.fa-affiliatetheme:before{content:""\f36b""}.fa-air-freshener:before{content:""\f5d0""}.fa-algolia:before{content:""\f36c""}.fa-align-center:before{content:""\f037""}.fa-align-justify:before{content:""\f039""}.fa-align-left:before{content:""\f036""}.fa-align-right:before{content:""\f038""}.fa-alipay:before{content:""\f642""}.fa-allergies:before{content:""\f461""}.fa-amazon:before{content:""\f270""}.fa-amazon-pay:before{content:""\f42c""}.fa-ambulance:before{content:""\f0f9""}.fa-american-sign-language-interpreting:before{content:""\f2a3""}.fa-amilia:before{content:""\f36d""}.fa-anchor:before{content:""\f13d""}.fa-android:before{content:""\f17b""}.fa-angellist:before{content:""\f209""}.fa-angle-double-down:before{content:""\f103""}.fa-angle-double-left:before{content:""\f100""}.fa-angle-double-right:before{content:""\f101""}.fa-angle-double-up:before{content:""\f102""}.fa-angle-down:before{content:""\f107""}.fa-angle-left:before{content:""\f104""}.fa-angle-right:before{content:""\f105""}.fa-angle-up:before{content:""\f106""}.fa-angry:before{content:""\f556""}.fa-angrycreative:before{content:""\f36e""}.fa-angular:before{content:""\f420""}.fa-ankh:before{content:""\f644""}.fa-app-store:before{content:""\f36f""}.fa-app-store-ios:before{content:""\f370""}.fa-apper:before{content:""\f371""}.fa-apple:before{content:""\f179""}.fa-apple-alt:before{content:""\f5d1""}.fa-apple-pay:before{content:""\f415""}.fa-archive:before{content:""\f187""}.fa-archway:before{content:""\f557""}.fa-arrow-alt-circle-down:before{content:""\f358""}.fa-arrow-alt-circle-left:before{content:""\f359""}.fa-arrow-alt-circle-right:before{content:""\f35a""}.fa-arrow-alt-circle-up:before{content:""\f35b""}.fa-arrow-circle-down:before{content:""\f0ab""}.fa-arrow-circle-left:before{content:""\f0a8""}.fa-arrow-circle-right:before{content:""\f0a9""}.fa-arrow-circle-up:before{content:""\f0aa""}.fa-arrow-down:before{content:""\f063""}.fa-arrow-left:before{content:""\f060""}.fa-arrow-right:before{content:""\f061""}.fa-arrow-up:before{content:""\f062""}.fa-arrows-alt:before{content:""\f0b2""}.fa-arrows-alt-h:before{content:""\f337""}.fa-arrows-alt-v:before{content:""\f338""}.fa-assistive-listening-systems:before{content:""\f2a2""}.fa-asterisk:before{content:""\f069""}.fa-asymmetrik:before{content:""\f372""}.fa-at:before{content:""\f1fa""}.fa-atlas:before{content:""\f558""}.fa-atom:before{content:""\f5d2""}.fa-audible:before{content:""\f373""}.fa-audio-description:before{content:""\f29e""}.fa-autoprefixer:before{content:""\f41c""}.fa-avianex:before{content:""\f374""}.fa-aviato:before{content:""\f421""}.fa-award:before{content:""\f559""}.fa-aws:before{content:""\f375""}.fa-backspace:before{content:""\f55a""}.fa-backward:before{content:""\f04a""}.fa-balance-scale:before{content:""\f24e""}.fa-ban:before{content:""\f05e""}.fa-band-aid:before{content:""\f462""}.fa-bandcamp:before{content:""\f2d5""}.fa-barcode:before{content:""\f02a""}.fa-bars:before{content:""\f0c9""}.fa-baseball-ball:before{content:""\f433""}.fa-basketball-ball:before{content:""\f434""}.fa-bath:before{content:""\f2cd""}.fa-battery-empty:before{content:""\f244""}.fa-battery-full:before{content:""\f240""}.fa-battery-half:before{content:""\f242""}.fa-battery-quarter:before{content:""\f243""}.fa-battery-three-quarters:before{content:""\f241""}.fa-bed:before{content:""\f236""}.fa-beer:before{content:""\f0fc""}.fa-behance:before{content:""\f1b4""}.fa-behance-square:before{content:""\f1b5""}.fa-bell:before{content:""\f0f3""}.fa-bell-slash:before{content:""\f1f6""}.fa-bezier-curve:before{content:""\f55b""}.fa-bible:before{content:""\f647""}.fa-bicycle:before{content:""\f206""}.fa-bimobject:before{content:""\f378""}.fa-binoculars:before{content:""\f1e5""}.fa-birthday-cake:before{content:""\f1fd""}.fa-bitbucket:before{content:""\f171""}.fa-bitcoin:before{content:""\f379""}.fa-bity:before{content:""\f37a""}.fa-black-tie:before{content:""\f27e""}.fa-blackberry:before{content:""\f37b""}.fa-blender:before{content:""\f517""}.fa-blind:before{content:""\f29d""}.fa-blogger:before{content:""\f37c""}.fa-blogger-b:before{content:""\f37d""}.fa-bluetooth:before{content:""\f293""}.fa-bluetooth-b:before{content:""\f294""}.fa-bold:before{content:""\f032""}.fa-bolt:before{content:""\f0e7""}.fa-bomb:before{content:""\f1e2""}.fa-bone:before{content:""\f5d7""}.fa-bong:before{content:""\f55c""}.fa-book:before{content:""\f02d""}.fa-book-open:before{content:""\f518""}.fa-book-reader:before{content:""\f5da""}.fa-bookmark:before{content:""\f02e""}.fa-bowling-ball:before{content:""\f436""}.fa-box:before{content:""\f466""}.fa-box-open:before{content:""\f49e""}.fa-boxes:before{content:""\f468""}.fa-braille:before{content:""\f2a1""}.fa-brain:before{content:""\f5dc""}.fa-briefcase:before{content:""\f0b1""}.fa-briefcase-medical:before{content:""\f469""}.fa-broadcast-tower:before{content:""\f519""}.fa-broom:before{content:""\f51a""}.fa-brush:before{content:""\f55d""}.fa-btc:before{content:""\f15a""}.fa-bug:before{content:""\f188""}.fa-building:before{content:""\f1ad""}.fa-bullhorn:before{content:""\f0a1""}.fa-bullseye:before{content:""\f140""}.fa-burn:before{content:""\f46a""}.fa-buromobelexperte:before{content:""\f37f""}.fa-bus:before{content:""\f207""}.fa-bus-alt:before{content:""\f55e""}.fa-business-time:before{content:""\f64a""}.fa-buysellads:before{content:""\f20d""}.fa-calculator:before{content:""\f1ec""}.fa-calendar:before{content:""\f133""}.fa-calendar-alt:before{content:""\f073""}.fa-calendar-check:before{content:""\f274""}.fa-calendar-minus:before{content:""\f272""}.fa-calendar-plus:before{content:""\f271""}.fa-calendar-times:before{content:""\f273""}.fa-camera:before{content:""\f030""}.fa-camera-retro:before{content:""\f083""}.fa-cannabis:before{content:""\f55f""}.fa-capsules:before{content:""\f46b""}.fa-car:before{content:""\f1b9""}.fa-car-alt:before{content:""\f5de""}.fa-car-battery:before{content:""\f5df""}.fa-car-crash:before{content:""\f5e1""}.fa-car-side:before{content:""\f5e4""}.fa-caret-down:before{content:""\f0d7""}.fa-caret-left:before{content:""\f0d9""}.fa-caret-right:before{content:""\f0da""}.fa-caret-square-down:before{content:""\f150""}.fa-caret-square-left:before{content:""\f191""}.fa-caret-square-right:before{content:""\f152""}.fa-caret-square-up:before{content:""\f151""}.fa-caret-up:before{content:""\f0d8""}.fa-cart-arrow-down:before{content:""\f218""}.fa-cart-plus:before{content:""\f217""}.fa-cc-amazon-pay:before{content:""\f42d""}.fa-cc-amex:before{content:""\f1f3""}.fa-cc-apple-pay:before{content:""\f416""}.fa-cc-diners-club:before{content:""\f24c""}.fa-cc-discover:before{content:""\f1f2""}.fa-cc-jcb:before{content:""\f24b""}.fa-cc-mastercard:before{content:""\f1f1""}.fa-cc-paypal:before{content:""\f1f4""}.fa-cc-stripe:before{content:""\f1f5""}.fa-cc-visa:before{content:""\f1f0""}.fa-centercode:before{content:""\f380""}.fa-certificate:before{content:""\f0a3""}.fa-chalkboard:before{content:""\f51b""}.fa-chalkboard-teacher:before{content:""\f51c""}.fa-charging-station:before{content:""\f5e7""}.fa-chart-area:before{content:""\f1fe""}.fa-chart-bar:before{content:""\f080""}.fa-chart-line:before{content:""\f201""}.fa-chart-pie:before{content:""\f200""}.fa-check:before{content:""\f00c""}.fa-check-circle:before{content:""\f058""}.fa-check-double:before{content:""\f560""}.fa-check-square:before{content:""\f14a""}.fa-chess:before{content:""\f439""}.fa-chess-bishop:before{content:""\f43a""}.fa-chess-board:before{content:""\f43c""}.fa-chess-king:before{content:""\f43f""}.fa-chess-knight:before{content:""\f441""}.fa-chess-pawn:before{content:""\f443""}.fa-chess-queen:before{content:""\f445""}.fa-chess-rook:before{content:""\f447""}.fa-chevron-circle-down:before{content:""\f13a""}.fa-chevron-circle-left:before{content:""\f137""}.fa-chevron-circle-right:before{content:""\f138""}.fa-chevron-circle-up:before{content:""\f139""}.fa-chevron-down:before{content:""\f078""}.fa-chevron-left:before{content:""\f053""}.fa-chevron-right:before{content:""\f054""}.fa-chevron-up:before{content:""\f077""}.fa-child:before{content:""\f1ae""}.fa-chrome:before{content:""\f268""}.fa-church:before{content:""\f51d""}.fa-circle:before{content:""\f111""}.fa-circle-notch:before{content:""\f1ce""}.fa-city:before{content:""\f64f""}.fa-clipboard:before{content:""\f328""}.fa-clipboard-check:before{content:""\f46c""}.fa-clipboard-list:before{content:""\f46d""}.fa-clock:before{content:""\f017""}.fa-clone:before{content:""\f24d""}.fa-closed-captioning:before{content:""\f20a""}.fa-cloud:before{content:""\f0c2""}.fa-cloud-download-alt:before{content:""\f381""}.fa-cloud-upload-alt:before{content:""\f382""}.fa-cloudscale:before{content:""\f383""}.fa-cloudsmith:before{content:""\f384""}.fa-cloudversify:before{content:""\f385""}.fa-cocktail:before{content:""\f561""}.fa-code:before{content:""\f121""}.fa-code-branch:before{content:""\f126""}.fa-codepen:before{content:""\f1cb""}.fa-codiepie:before{content:""\f284""}.fa-coffee:before{content:""\f0f4""}.fa-cog:before{content:""\f013""}.fa-cogs:before{content:""\f085""}.fa-coins:before{content:""\f51e""}.fa-columns:before{content:""\f0db""}.fa-comment:before{content:""\f075""}.fa-comment-alt:before{content:""\f27a""}.fa-comment-dollar:before{content:""\f651""}.fa-comment-dots:before{content:""\f4ad""}.fa-comment-slash:before{content:""\f4b3""}.fa-comments:before{content:""\f086""}.fa-comments-dollar:before{content:""\f653""}.fa-compact-disc:before{content:""\f51f""}.fa-compass:before{content:""\f14e""}.fa-compress:before{content:""\f066""}.fa-concierge-bell:before{content:""\f562""}.fa-connectdevelop:before{content:""\f20e""}.fa-contao:before{content:""\f26d""}.fa-cookie:before{content:""\f563""}.fa-cookie-bite:before{content:""\f564""}.fa-copy:before{content:""\f0c5""}.fa-copyright:before{content:""\f1f9""}.fa-couch:before{content:""\f4b8""}.fa-cpanel:before{content:""\f388""}.fa-creative-commons:before{content:""\f25e""}.fa-creative-commons-by:before{content:""\f4e7""}.fa-creative-commons-nc:before{content:""\f4e8""}.fa-creative-commons-nc-eu:before{content:""\f4e9""}.fa-creative-commons-nc-jp:before{content:""\f4ea""}.fa-creative-commons-nd:before{content:""\f4eb""}.fa-creative-commons-pd:before{content:""\f4ec""}.fa-creative-commons-pd-alt:before{content:""\f4ed""}.fa-creative-commons-remix:before{content:""\f4ee""}.fa-creative-commons-sa:before{content:""\f4ef""}.fa-creative-commons-sampling:before{content:""\f4f0""}.fa-creative-commons-sampling-plus:before{content:""\f4f1""}.fa-creative-commons-share:before{content:""\f4f2""}.fa-credit-card:before{content:""\f09d""}.fa-crop:before{content:""\f125""}.fa-crop-alt:before{content:""\f565""}.fa-cross:before{content:""\f654""}.fa-crosshairs:before{content:""\f05b""}.fa-crow:before{content:""\f520""}.fa-crown:before{content:""\f521""}.fa-css3:before{content:""\f13c""}.fa-css3-alt:before{content:""\f38b""}.fa-cube:before{content:""\f1b2""}.fa-cubes:before{content:""\f1b3""}.fa-cut:before{content:""\f0c4""}.fa-cuttlefish:before{content:""\f38c""}.fa-d-and-d:before{content:""\f38d""}.fa-dashcube:before{content:""\f210""}.fa-database:before{content:""\f1c0""}.fa-deaf:before{content:""\f2a4""}.fa-delicious:before{content:""\f1a5""}.fa-deploydog:before{content:""\f38e""}.fa-deskpro:before{content:""\f38f""}.fa-desktop:before{content:""\f108""}.fa-deviantart:before{content:""\f1bd""}.fa-dharmachakra:before{content:""\f655""}.fa-diagnoses:before{content:""\f470""}.fa-dice:before{content:""\f522""}.fa-dice-five:before{content:""\f523""}.fa-dice-four:before{content:""\f524""}.fa-dice-one:before{content:""\f525""}.fa-dice-six:before{content:""\f526""}.fa-dice-three:before{content:""\f527""}.fa-dice-two:before{content:""\f528""}.fa-digg:before{content:""\f1a6""}.fa-digital-ocean:before{content:""\f391""}.fa-digital-tachograph:before{content:""\f566""}.fa-directions:before{content:""\f5eb""}.fa-discord:before{content:""\f392""}.fa-discourse:before{content:""\f393""}.fa-divide:before{content:""\f529""}.fa-dizzy:before{content:""\f567""}.fa-dna:before{content:""\f471""}.fa-dochub:before{content:""\f394""}.fa-docker:before{content:""\f395""}.fa-dollar-sign:before{content:""\f155""}.fa-dolly:before{content:""\f472""}.fa-dolly-flatbed:before{content:""\f474""}.fa-donate:before{content:""\f4b9""}.fa-door-closed:before{content:""\f52a""}.fa-door-open:before{content:""\f52b""}.fa-dot-circle:before{content:""\f192""}.fa-dove:before{content:""\f4ba""}.fa-download:before{content:""\f019""}.fa-draft2digital:before{content:""\f396""}.fa-drafting-compass:before{content:""\f568""}.fa-draw-polygon:before{content:""\f5ee""}.fa-dribbble:before{content:""\f17d""}.fa-dribbble-square:before{content:""\f397""}.fa-dropbox:before{content:""\f16b""}.fa-drum:before{content:""\f569""}.fa-drum-steelpan:before{content:""\f56a""}.fa-drupal:before{content:""\f1a9""}.fa-dumbbell:before{content:""\f44b""}.fa-dyalog:before{content:""\f399""}.fa-earlybirds:before{content:""\f39a""}.fa-ebay:before{content:""\f4f4""}.fa-edge:before{content:""\f282""}.fa-edit:before{content:""\f044""}.fa-eject:before{content:""\f052""}.fa-elementor:before{content:""\f430""}.fa-ellipsis-h:before{content:""\f141""}.fa-ellipsis-v:before{content:""\f142""}.fa-ello:before{content:""\f5f1""}.fa-ember:before{content:""\f423""}.fa-empire:before{content:""\f1d1""}.fa-envelope:before{content:""\f0e0""}.fa-envelope-open:before{content:""\f2b6""}.fa-envelope-open-text:before{content:""\f658""}.fa-envelope-square:before{content:""\f199""}.fa-envira:before{content:""\f299""}.fa-equals:before{content:""\f52c""}.fa-eraser:before{content:""\f12d""}.fa-erlang:before{content:""\f39d""}.fa-ethereum:before{content:""\f42e""}.fa-etsy:before{content:""\f2d7""}.fa-euro-sign:before{content:""\f153""}.fa-exchange-alt:before{content:""\f362""}.fa-exclamation:before{content:""\f12a""}.fa-exclamation-circle:before{content:""\f06a""}.fa-exclamation-triangle:before{content:""\f071""}.fa-expand:before{content:""\f065""}.fa-expand-arrows-alt:before{content:""\f31e""}.fa-expeditedssl:before{content:""\f23e""}.fa-external-link-alt:before{content:""\f35d""}.fa-external-link-square-alt:before{content:""\f360""}.fa-eye:before{content:""\f06e""}.fa-eye-dropper:before{content:""\f1fb""}.fa-eye-slash:before{content:""\f070""}.fa-facebook:before{content:""\f09a""}.fa-facebook-f:before{content:""\f39e""}.fa-facebook-messenger:before{content:""\f39f""}.fa-facebook-square:before{content:""\f082""}.fa-fast-backward:before{content:""\f049""}.fa-fast-forward:before{content:""\f050""}.fa-fax:before{content:""\f1ac""}.fa-feather:before{content:""\f52d""}.fa-feather-alt:before{content:""\f56b""}.fa-female:before{content:""\f182""}.fa-fighter-jet:before{content:""\f0fb""}.fa-file:before{content:""\f15b""}.fa-file-alt:before{content:""\f15c""}.fa-file-archive:before{content:""\f1c6""}.fa-file-audio:before{content:""\f1c7""}.fa-file-code:before{content:""\f1c9""}.fa-file-contract:before{content:""\f56c""}.fa-file-download:before{content:""\f56d""}.fa-file-excel:before{content:""\f1c3""}.fa-file-export:before{content:""\f56e""}.fa-file-image:before{content:""\f1c5""}.fa-file-import:before{content:""\f56f""}.fa-file-invoice:before{content:""\f570""}.fa-file-invoice-dollar:before{content:""\f571""}.fa-file-medical:before{content:""\f477""}.fa-file-medical-alt:before{content:""\f478""}.fa-file-pdf:before{content:""\f1c1""}.fa-file-powerpoint:before{content:""\f1c4""}.fa-file-prescription:before{content:""\f572""}.fa-file-signature:before{content:""\f573""}.fa-file-upload:before{content:""\f574""}.fa-file-video:before{content:""\f1c8""}.fa-file-word:before{content:""\f1c2""}.fa-fill:before{content:""\f575""}.fa-fill-drip:before{content:""\f576""}.fa-film:before{content:""\f008""}.fa-filter:before{content:""\f0b0""}.fa-fingerprint:before{content:""\f577""}.fa-fire:before{content:""\f06d""}.fa-fire-extinguisher:before{content:""\f134""}.fa-firefox:before{content:""\f269""}.fa-first-aid:before{content:""\f479""}.fa-first-order:before{content:""\f2b0""}.fa-first-order-alt:before{content:""\f50a""}.fa-firstdraft:before{content:""\f3a1""}.fa-fish:before{content:""\f578""}.fa-flag:before{content:""\f024""}.fa-flag-checkered:before{content:""\f11e""}.fa-flask:before{content:""\f0c3""}.fa-flickr:before{content:""\f16e""}.fa-flipboard:before{content:""\f44d""}.fa-flushed:before{content:""\f579""}.fa-fly:before{content:""\f417""}.fa-folder:before{content:""\f07b""}.fa-folder-minus:before{content:""\f65d""}.fa-folder-open:before{content:""\f07c""}.fa-folder-plus:before{content:""\f65e""}.fa-font:before{content:""\f031""}.fa-font-awesome:before{content:""\f2b4""}.fa-font-awesome-alt:before{content:""\f35c""}.fa-font-awesome-flag:before{content:""\f425""}.fa-font-awesome-logo-full:before{content:""\f4e6""}.fa-fonticons:before{content:""\f280""}.fa-fonticons-fi:before{content:""\f3a2""}.fa-football-ball:before{content:""\f44e""}.fa-fort-awesome:before{content:""\f286""}.fa-fort-awesome-alt:before{content:""\f3a3""}.fa-forumbee:before{content:""\f211""}.fa-forward:before{content:""\f04e""}.fa-foursquare:before{content:""\f180""}.fa-free-code-camp:before{content:""\f2c5""}.fa-freebsd:before{content:""\f3a4""}.fa-frog:before{content:""\f52e""}.fa-frown:before{content:""\f119""}.fa-frown-open:before{content:""\f57a""}.fa-fulcrum:before{content:""\f50b""}.fa-funnel-dollar:before{content:""\f662""}.fa-futbol:before{content:""\f1e3""}.fa-galactic-republic:before{content:""\f50c""}.fa-galactic-senate:before{content:""\f50d""}.fa-gamepad:before{content:""\f11b""}.fa-gas-pump:before{content:""\f52f""}.fa-gavel:before{content:""\f0e3""}.fa-gem:before{content:""\f3a5""}.fa-genderless:before{content:""\f22d""}.fa-get-pocket:before{content:""\f265""}.fa-gg:before{content:""\f260""}.fa-gg-circle:before{content:""\f261""}.fa-gift:before{content:""\f06b""}.fa-git:before{content:""\f1d3""}.fa-git-square:before{content:""\f1d2""}.fa-github:before{content:""\f09b""}.fa-github-alt:before{content:""\f113""}.fa-github-square:before{content:""\f092""}.fa-gitkraken:before{content:""\f3a6""}.fa-gitlab:before{content:""\f296""}.fa-gitter:before{content:""\f426""}.fa-glass-martini:before{content:""\f000""}.fa-glass-martini-alt:before{content:""\f57b""}.fa-glasses:before{content:""\f530""}.fa-glide:before{content:""\f2a5""}.fa-glide-g:before{content:""\f2a6""}.fa-globe:before{content:""\f0ac""}.fa-globe-africa:before{content:""\f57c""}.fa-globe-americas:before{content:""\f57d""}.fa-globe-asia:before{content:""\f57e""}.fa-gofore:before{content:""\f3a7""}.fa-golf-ball:before{content:""\f450""}.fa-goodreads:before{content:""\f3a8""}.fa-goodreads-g:before{content:""\f3a9""}.fa-google:before{content:""\f1a0""}.fa-google-drive:before{content:""\f3aa""}.fa-google-play:before{content:""\f3ab""}.fa-google-plus:before{content:""\f2b3""}.fa-google-plus-g:before{content:""\f0d5""}.fa-google-plus-square:before{content:""\f0d4""}.fa-google-wallet:before{content:""\f1ee""}.fa-gopuram:before{content:""\f664""}.fa-graduation-cap:before{content:""\f19d""}.fa-gratipay:before{content:""\f184""}.fa-grav:before{content:""\f2d6""}.fa-greater-than:before{content:""\f531""}.fa-greater-than-equal:before{content:""\f532""}.fa-grimace:before{content:""\f57f""}.fa-grin:before{content:""\f580""}.fa-grin-alt:before{content:""\f581""}.fa-grin-beam:before{content:""\f582""}.fa-grin-beam-sweat:before{content:""\f583""}.fa-grin-hearts:before{content:""\f584""}.fa-grin-squint:before{content:""\f585""}.fa-grin-squint-tears:before{content:""\f586""}.fa-grin-stars:before{content:""\f587""}.fa-grin-tears:before{content:""\f588""}.fa-grin-tongue:before{content:""\f589""}.fa-grin-tongue-squint:before{content:""\f58a""}.fa-grin-tongue-wink:before{content:""\f58b""}.fa-grin-wink:before{content:""\f58c""}.fa-grip-horizontal:before{content:""\f58d""}.fa-grip-vertical:before{content:""\f58e""}.fa-gripfire:before{content:""\f3ac""}.fa-grunt:before{content:""\f3ad""}.fa-gulp:before{content:""\f3ae""}.fa-h-square:before{content:""\f0fd""}.fa-hacker-news:before{content:""\f1d4""}.fa-hacker-news-square:before{content:""\f3af""}.fa-hackerrank:before{content:""\f5f7""}.fa-hamsa:before{content:""\f665""}.fa-hand-holding:before{content:""\f4bd""}.fa-hand-holding-heart:before{content:""\f4be""}.fa-hand-holding-usd:before{content:""\f4c0""}.fa-hand-lizard:before{content:""\f258""}.fa-hand-paper:before{content:""\f256""}.fa-hand-peace:before{content:""\f25b""}.fa-hand-point-down:before{content:""\f0a7""}.fa-hand-point-left:before{content:""\f0a5""}.fa-hand-point-right:before{content:""\f0a4""}.fa-hand-point-up:before{content:""\f0a6""}.fa-hand-pointer:before{content:""\f25a""}.fa-hand-rock:before{content:""\f255""}.fa-hand-scissors:before{content:""\f257""}.fa-hand-spock:before{content:""\f259""}.fa-hands:before{content:""\f4c2""}.fa-hands-helping:before{content:""\f4c4""}.fa-handshake:before{content:""\f2b5""}.fa-hashtag:before{content:""\f292""}.fa-haykal:before{content:""\f666""}.fa-hdd:before{content:""\f0a0""}.fa-heading:before{content:""\f1dc""}.fa-headphones:before{content:""\f025""}.fa-headphones-alt:before{content:""\f58f""}.fa-headset:before{content:""\f590""}.fa-heart:before{content:""\f004""}.fa-heartbeat:before{content:""\f21e""}.fa-helicopter:before{content:""\f533""}.fa-highlighter:before{content:""\f591""}.fa-hips:before{content:""\f452""}.fa-hire-a-helper:before{content:""\f3b0""}.fa-history:before{content:""\f1da""}.fa-hockey-puck:before{content:""\f453""}.fa-home:before{content:""\f015""}.fa-hooli:before{content:""\f427""}.fa-hornbill:before{content:""\f592""}.fa-hospital:before{content:""\f0f8""}.fa-hospital-alt:before{content:""\f47d""}.fa-hospital-symbol:before{content:""\f47e""}.fa-hot-tub:before{content:""\f593""}.fa-hotel:before{content:""\f594""}.fa-hotjar:before{content:""\f3b1""}.fa-hourglass:before{content:""\f254""}.fa-hourglass-end:before{content:""\f253""}.fa-hourglass-half:before{content:""\f252""}.fa-hourglass-start:before{content:""\f251""}.fa-houzz:before{content:""\f27c""}.fa-html5:before{content:""\f13b""}.fa-hubspot:before{content:""\f3b2""}.fa-i-cursor:before{content:""\f246""}.fa-id-badge:before{content:""\f2c1""}.fa-id-card:before{content:""\f2c2""}.fa-id-card-alt:before{content:""\f47f""}.fa-image:before{content:""\f03e""}.fa-images:before{content:""\f302""}.fa-imdb:before{content:""\f2d8""}.fa-inbox:before{content:""\f01c""}.fa-indent:before{content:""\f03c""}.fa-industry:before{content:""\f275""}.fa-infinity:before{content:""\f534""}.fa-info:before{content:""\f129""}.fa-info-circle:before{content:""\f05a""}.fa-instagram:before{content:""\f16d""}.fa-internet-explorer:before{content:""\f26b""}.fa-ioxhost:before{content:""\f208""}.fa-italic:before{content:""\f033""}.fa-itunes:before{content:""\f3b4""}.fa-itunes-note:before{content:""\f3b5""}.fa-java:before{content:""\f4e4""}.fa-jedi:before{content:""\f669""}.fa-jedi-order:before{content:""\f50e""}.fa-jenkins:before{content:""\f3b6""}.fa-joget:before{content:""\f3b7""}.fa-joint:before{content:""\f595""}.fa-joomla:before{content:""\f1aa""}.fa-journal-whills:before{content:""\f66a""}.fa-js:before{content:""\f3b8""}.fa-js-square:before{content:""\f3b9""}.fa-jsfiddle:before{content:""\f1cc""}.fa-kaaba:before{content:""\f66b""}.fa-kaggle:before{content:""\f5fa""}.fa-key:before{content:""\f084""}.fa-keybase:before{content:""\f4f5""}.fa-keyboard:before{content:""\f11c""}.fa-keycdn:before{content:""\f3ba""}.fa-khanda:before{content:""\f66d""}.fa-kickstarter:before{content:""\f3bb""}.fa-kickstarter-k:before{content:""\f3bc""}.fa-kiss:before{content:""\f596""}.fa-kiss-beam:before{content:""\f597""}.fa-kiss-wink-heart:before{content:""\f598""}.fa-kiwi-bird:before{content:""\f535""}.fa-korvue:before{content:""\f42f""}.fa-landmark:before{content:""\f66f""}.fa-language:before{content:""\f1ab""}.fa-laptop:before{content:""\f109""}.fa-laptop-code:before{content:""\f5fc""}.fa-laravel:before{content:""\f3bd""}.fa-lastfm:before{content:""\f202""}.fa-lastfm-square:before{content:""\f203""}.fa-laugh:before{content:""\f599""}.fa-laugh-beam:before{content:""\f59a""}.fa-laugh-squint:before{content:""\f59b""}.fa-laugh-wink:before{content:""\f59c""}.fa-layer-group:before{content:""\f5fd""}.fa-leaf:before{content:""\f06c""}.fa-leanpub:before{content:""\f212""}.fa-lemon:before{content:""\f094""}.fa-less:before{content:""\f41d""}.fa-less-than:before{content:""\f536""}.fa-less-than-equal:before{content:""\f537""}.fa-level-down-alt:before{content:""\f3be""}.fa-level-up-alt:before{content:""\f3bf""}.fa-life-ring:before{content:""\f1cd""}.fa-lightbulb:before{content:""\f0eb""}.fa-line:before{content:""\f3c0""}.fa-link:before{content:""\f0c1""}.fa-linkedin:before{content:""\f08c""}.fa-linkedin-in:before{content:""\f0e1""}.fa-linode:before{content:""\f2b8""}.fa-linux:before{content:""\f17c""}.fa-lira-sign:before{content:""\f195""}.fa-list:before{content:""\f03a""}.fa-list-alt:before{content:""\f022""}.fa-list-ol:before{content:""\f0cb""}.fa-list-ul:before{content:""\f0ca""}.fa-location-arrow:before{content:""\f124""}.fa-lock:before{content:""\f023""}.fa-lock-open:before{content:""\f3c1""}.fa-long-arrow-alt-down:before{content:""\f309""}.fa-long-arrow-alt-left:before{content:""\f30a""}.fa-long-arrow-alt-right:before{content:""\f30b""}.fa-long-arrow-alt-up:before{content:""\f30c""}.fa-low-vision:before{content:""\f2a8""}.fa-luggage-cart:before{content:""\f59d""}.fa-lyft:before{content:""\f3c3""}.fa-magento:before{content:""\f3c4""}.fa-magic:before{content:""\f0d0""}.fa-magnet:before{content:""\f076""}.fa-mail-bulk:before{content:""\f674""}.fa-mailchimp:before{content:""\f59e""}.fa-male:before{content:""\f183""}.fa-mandalorian:before{content:""\f50f""}.fa-map:before{content:""\f279""}.fa-map-marked:before{content:""\f59f""}.fa-map-marked-alt:before{content:""\f5a0""}.fa-map-marker:before{content:""\f041""}.fa-map-marker-alt:before{content:""\f3c5""}.fa-map-pin:before{content:""\f276""}.fa-map-signs:before{content:""\f277""}.fa-markdown:before{content:""\f60f""}.fa-marker:before{content:""\f5a1""}.fa-mars:before{content:""\f222""}.fa-mars-double:before{content:""\f227""}.fa-mars-stroke:before{content:""\f229""}.fa-mars-stroke-h:before{content:""\f22b""}.fa-mars-stroke-v:before{content:""\f22a""}.fa-mastodon:before{content:""\f4f6""}.fa-maxcdn:before{content:""\f136""}.fa-medal:before{content:""\f5a2""}.fa-medapps:before{content:""\f3c6""}.fa-medium:before{content:""\f23a""}.fa-medium-m:before{content:""\f3c7""}.fa-medkit:before{content:""\f0fa""}.fa-medrt:before{content:""\f3c8""}.fa-meetup:before{content:""\f2e0""}.fa-megaport:before{content:""\f5a3""}.fa-meh:before{content:""\f11a""}.fa-meh-blank:before{content:""\f5a4""}.fa-meh-rolling-eyes:before{content:""\f5a5""}.fa-memory:before{content:""\f538""}.fa-menorah:before{content:""\f676""}.fa-mercury:before{content:""\f223""}.fa-microchip:before{content:""\f2db""}.fa-microphone:before{content:""\f130""}.fa-microphone-alt:before{content:""\f3c9""}.fa-microphone-alt-slash:before{content:""\f539""}.fa-microphone-slash:before{content:""\f131""}.fa-microscope:before{content:""\f610""}.fa-microsoft:before{content:""\f3ca""}.fa-minus:before{content:""\f068""}.fa-minus-circle:before{content:""\f056""}.fa-minus-square:before{content:""\f146""}.fa-mix:before{content:""\f3cb""}.fa-mixcloud:before{content:""\f289""}.fa-mizuni:before{content:""\f3cc""}.fa-mobile:before{content:""\f10b""}.fa-mobile-alt:before{content:""\f3cd""}.fa-modx:before{content:""\f285""}.fa-monero:before{content:""\f3d0""}.fa-money-bill:before{content:""\f0d6""}.fa-money-bill-alt:before{content:""\f3d1""}.fa-money-bill-wave:before{content:""\f53a""}.fa-money-bill-wave-alt:before{content:""\f53b""}.fa-money-check:before{content:""\f53c""}.fa-money-check-alt:before{content:""\f53d""}.fa-monument:before{content:""\f5a6""}.fa-moon:before{content:""\f186""}.fa-mortar-pestle:before{content:""\f5a7""}.fa-mosque:before{content:""\f678""}.fa-motorcycle:before{content:""\f21c""}.fa-mouse-pointer:before{content:""\f245""}.fa-music:before{content:""\f001""}.fa-napster:before{content:""\f3d2""}.fa-neos:before{content:""\f612""}.fa-neuter:before{content:""\f22c""}.fa-newspaper:before{content:""\f1ea""}.fa-nimblr:before{content:""\f5a8""}.fa-nintendo-switch:before{content:""\f418""}.fa-node:before{content:""\f419""}.fa-node-js:before{content:""\f3d3""}.fa-not-equal:before{content:""\f53e""}.fa-notes-medical:before{content:""\f481""}.fa-npm:before{content:""\f3d4""}.fa-ns8:before{content:""\f3d5""}.fa-nutritionix:before{content:""\f3d6""}.fa-object-group:before{content:""\f247""}.fa-object-ungroup:before{content:""\f248""}.fa-odnoklassniki:before{content:""\f263""}.fa-odnoklassniki-square:before{content:""\f264""}.fa-oil-can:before{content:""\f613""}.fa-old-republic:before{content:""\f510""}.fa-om:before{content:""\f679""}.fa-opencart:before{content:""\f23d""}.fa-openid:before{content:""\f19b""}.fa-opera:before{content:""\f26a""}.fa-optin-monster:before{content:""\f23c""}.fa-osi:before{content:""\f41a""}.fa-outdent:before{content:""\f03b""}.fa-page4:before{content:""\f3d7""}.fa-pagelines:before{content:""\f18c""}.fa-paint-brush:before{content:""\f1fc""}.fa-paint-roller:before{content:""\f5aa""}.fa-palette:before{content:""\f53f""}.fa-palfed:before{content:""\f3d8""}.fa-pallet:before{content:""\f482""}.fa-paper-plane:before{content:""\f1d8""}.fa-paperclip:before{content:""\f0c6""}.fa-parachute-box:before{content:""\f4cd""}.fa-paragraph:before{content:""\f1dd""}.fa-parking:before{content:""\f540""}.fa-passport:before{content:""\f5ab""}.fa-pastafarianism:before{content:""\f67b""}.fa-paste:before{content:""\f0ea""}.fa-patreon:before{content:""\f3d9""}.fa-pause:before{content:""\f04c""}.fa-pause-circle:before{content:""\f28b""}.fa-paw:before{content:""\f1b0""}.fa-paypal:before{content:""\f1ed""}.fa-peace:before{content:""\f67c""}.fa-pen:before{content:""\f304""}.fa-pen-alt:before{content:""\f305""}.fa-pen-fancy:before{content:""\f5ac""}.fa-pen-nib:before{content:""\f5ad""}.fa-pen-square:before{content:""\f14b""}.fa-pencil-alt:before{content:""\f303""}.fa-pencil-ruler:before{content:""\f5ae""}.fa-people-carry:before{content:""\f4ce""}.fa-percent:before{content:""\f295""}.fa-percentage:before{content:""\f541""}.fa-periscope:before{content:""\f3da""}.fa-phabricator:before{content:""\f3db""}.fa-phoenix-framework:before{content:""\f3dc""}.fa-phoenix-squadron:before{content:""\f511""}.fa-phone:before{content:""\f095""}.fa-phone-slash:before{content:""\f3dd""}.fa-phone-square:before{content:""\f098""}.fa-phone-volume:before{content:""\f2a0""}.fa-php:before{content:""\f457""}.fa-pied-piper:before{content:""\f2ae""}.fa-pied-piper-alt:before{content:""\f1a8""}.fa-pied-piper-hat:before{content:""\f4e5""}.fa-pied-piper-pp:before{content:""\f1a7""}.fa-piggy-bank:before{content:""\f4d3""}.fa-pills:before{content:""\f484""}.fa-pinterest:before{content:""\f0d2""}.fa-pinterest-p:before{content:""\f231""}.fa-pinterest-square:before{content:""\f0d3""}.fa-place-of-worship:before{content:""\f67f""}.fa-plane:before{content:""\f072""}.fa-plane-arrival:before{content:""\f5af""}.fa-plane-departure:before{content:""\f5b0""}.fa-play:before{content:""\f04b""}.fa-play-circle:before{content:""\f144""}.fa-playstation:before{content:""\f3df""}.fa-plug:before{content:""\f1e6""}.fa-plus:before{content:""\f067""}.fa-plus-circle:before{content:""\f055""}.fa-plus-square:before{content:""\f0fe""}.fa-podcast:before{content:""\f2ce""}.fa-poll:before{content:""\f681""}.fa-poll-h:before{content:""\f682""}.fa-poo:before{content:""\f2fe""}.fa-poop:before{content:""\f619""}.fa-portrait:before{content:""\f3e0""}.fa-pound-sign:before{content:""\f154""}.fa-power-off:before{content:""\f011""}.fa-pray:before{content:""\f683""}.fa-praying-hands:before{content:""\f684""}.fa-prescription:before{content:""\f5b1""}.fa-prescription-bottle:before{content:""\f485""}.fa-prescription-bottle-alt:before{content:""\f486""}.fa-print:before{content:""\f02f""}.fa-procedures:before{content:""\f487""}.fa-product-hunt:before{content:""\f288""}.fa-project-diagram:before{content:""\f542""}.fa-pushed:before{content:""\f3e1""}.fa-puzzle-piece:before{content:""\f12e""}.fa-python:before{content:""\f3e2""}.fa-qq:before{content:""\f1d6""}.fa-qrcode:before{content:""\f029""}.fa-question:before{content:""\f128""}.fa-question-circle:before{content:""\f059""}.fa-quidditch:before{content:""\f458""}.fa-quinscape:before{content:""\f459""}.fa-quora:before{content:""\f2c4""}.fa-quote-left:before{content:""\f10d""}.fa-quote-right:before{content:""\f10e""}.fa-quran:before{content:""\f687""}.fa-r-project:before{content:""\f4f7""}.fa-random:before{content:""\f074""}.fa-ravelry:before{content:""\f2d9""}.fa-react:before{content:""\f41b""}.fa-readme:before{content:""\f4d5""}.fa-rebel:before{content:""\f1d0""}.fa-receipt:before{content:""\f543""}.fa-recycle:before{content:""\f1b8""}.fa-red-river:before{content:""\f3e3""}.fa-reddit:before{content:""\f1a1""}.fa-reddit-alien:before{content:""\f281""}.fa-reddit-square:before{c","steps(8)}@keyframes fa-spin{0%{transform:rotate(0deg)}to{transform:rotate(1turn)}}.fa-rotate-90{-ms-filter:""progid:DXImageTransform.Microsoft.BasicIma..."
Afore Capital,Afore Capital,VC,Dilutive,,,Pre-seed,,,"” Vikram Jayanthi &amp; Shankar Krishnan Co-founders of PromptArmor Meet Afore Founded in 2016, we are the largest pre-seed fund by dollars invested and laser-focused on supporting founders at the earliest stages of company-building - often before the company even exists.",,,,,rolling,,"” Vikram Jayanthi &amp; Shankar Krishnan Co-founders of PromptArmor Meet Afore Founded in 2016, we are the largest pre-seed fund by dollars invested and laser-focused on supporting founders at the earliest stages of company-building - often before the company even exists.",,,https://www.afore.vc/students,https://www.afore.vc/,,,,,,,,,,rolling,Rolling applications,"” Vikram Jayanthi &amp; Shankar Krishnan Co-founders of PromptArmor Meet Afore Founded in 2016, we are the largest pre-seed fund by dollars invested and laser-focused on supporting founders at the earliest stages of company-building - often before the company even exists.",Founders
Amplify.LA,Amplify.LA,VC,Dilutive,,,Pre-seed,,,"SafeRide Health , a digital health platform that enables providers to facilitate medically qualified non-emergency medical transportation (NEMT) for patients, was highlighted on CNBC for its pioneering work with AI.",,,,,rolling,,"SafeRide Health , a digital health platform that enables providers to facilitate medically qualified non-emergency medical transportation (NEMT) for patients, was highlighted on CNBC for its pioneering work with AI.",,,https://amplify.la/feed/,https://amplify.la/,,,,,,,,,,rolling,Rolling applications,"SafeRide Health , a digital health platform that enables providers to facilitate medically qualified non-emergency medical transportation (NEMT) for patients, was highlighted on CNBC for its pioneering work with AI.","SafeRide Health , a digital health platform that enables providers to facilitate medically qualified non-emergency medical transportation (NEMT) for p..."
MaC Venture Capital,MaC Venture Capital,VC,Dilutive,,,,,,About News & Insights Connect Menu Close Portfolio Team About News / Insights Connect Subscribe to our newsletter Subscribe → Thank you for subscribing to MaC Venture Capital © Copyright &#8211; 2025 MaC Venture Capital Seed-stage venture capital investing in founders building the next rocket .,,,,,rolling,,About News & Insights Connect Menu Close Portfolio Team About News / Insights Connect Subscribe to our newsletter Subscribe → Thank you for subscribing to MaC Venture Capital © Copyright &#8211; 2025 MaC Venture Capital Seed-stage venture capital investing in founders building the next rocket .,,,https://www.macventurecapital.com/,https://www.macventurecapital.com/,,,,,,,,,,rolling,Rolling applications,About News & Insights Connect Menu Close Portfolio Team About News / Insights Connect Subscribe to our newsletter Subscribe → Thank you for subscribing to MaC Venture Capital © Copyright &#8211; 2025 MaC Venture Capital Seed-stage venture capital investing in founders building the next rocket .,Founders
Underscore VC,Underscore VC,VC,Dilutive,,,Pre-seed,,,Read more here! It Takes a Community Underscore VC is a Boston-based venture capital firm backing bold B2B software entrepreneurs at Pre-Seed and Seed.,,,,,rolling,,Read more here! It Takes a Community Underscore VC is a Boston-based venture capital firm backing bold B2B software entrepreneurs at Pre-Seed and Seed.,,,https://underscore.vc/,https://underscore.vc/,,,,,,,,,,rolling,Rolling applications,Read more here! It Takes a Community Underscore VC is a Boston-based venture capital firm backing bold B2B software entrepreneurs at Pre-Seed and Seed.,Entrepreneurs
Tusk Venture Partners,Tusk Venture Partners,VC,Dilutive,,,Early-stage,,,"Any such offer or solicitation will be made separately and only by means of confidential offering documents specific to the relevant investment fund or other investment vehicle to investors that, among other requirements, meet certain qualifications under federal securities laws.",,,,,rolling,,"Any such offer or solicitation will be made separately and only by means of confidential offering documents specific to the relevant investment fund or other investment vehicle to investors that, among other requirements, meet certain qualifications under federal securities laws.",,,https://www.tusk.vc/privacy-policy,https://www.tusk.vc/,,,,,,,,,,rolling,Rolling applications,"Any such offer or solicitation will be made separately and only by means of confidential offering documents specific to the relevant investment fund or other investment vehicle to investors that, among other requirements, meet certain qualifications under federal securities laws.",Any such offer or solicitation will be made separately and only by means of confidential offering documents specific to the relevant investment fund o...
Bullpen Capital,Bullpen Capital,VC,Dilutive,,,Early-stage,,,Deal Partner Paul Martino Invested in 2020 Model Enterprise Category Apps &amp; Services Fund IV Status Plink Plink is the first personalized commerce platform for small businesses.,,,,,rolling,,Deal Partner Paul Martino Invested in 2020 Model Enterprise Category Apps &amp; Services Fund IV Status Plink Plink is the first personalized commerce platform for small businesses.,,,https://www.bullpencap.com/companie,https://www.bullpencap.com/,,,,,,,,,,rolling,Rolling applications,Deal Partner Paul Martino Invested in 2020 Model Enterprise Category Apps &amp; Services Fund IV Status Plink Plink is the first personalized commerce platform for small businesses.,small businesses
RRE Ventures,RRE Ventures,VC,Dilutive,,,Early-stage,,,"RRE: Early-Stage Venture Capital Partner PORTFOLIO TEAM Backing the best for the distance Founding a world-changing company is a marathon, not a sprint — and raising capital is just the starting gun.",,,,,rolling,,"RRE: Early-Stage Venture Capital Partner PORTFOLIO TEAM Backing the best for the distance Founding a world-changing company is a marathon, not a sprint — and raising capital is just the starting gun.",,,https://www.rre.com/,https://www.rre.com/,,,,,,,,,,rolling,Rolling applications,"RRE: Early-Stage Venture Capital Partner PORTFOLIO TEAM Backing the best for the distance Founding a world-changing company is a marathon, not a sprint — and raising capital is just the starting gun.","RRE: Early-Stage Venture Capital Partner PORTFOLIO TEAM Backing the best for the distance Founding a world-changing company is a marathon, not a sprin..."
ff Venture Capital,ff Venture Capital,VC,Dilutive,,,Early-stage,,,"“This partnership and the growth of venture capital and early-stage investment in the region is another sign of the strength of Central New York&#8217;s innovation ecosystem,” said Kara Jones, director of GENIUS NY.",,,,,rolling,,"“This partnership and the growth of venture capital and early-stage investment in the region is another sign of the strength of Central New York&#8217;s innovation ecosystem,” said Kara Jones, director of GENIUS NY.",,,https://ffvc.com/feed/,https://ffvc.com/,,,,,,,,,,rolling,Rolling applications,"“This partnership and the growth of venture capital and early-stage investment in the region is another sign of the strength of Central New York&#8217;s innovation ecosystem,” said Kara Jones, director of GENIUS NY.",“This partnership and the growth of venture capital and early-stage investment in the region is another sign of the strength of Central New York&#8217...
Shasta Ventures,Shasta Ventures,VC,Dilutive,,,Early-stage,,,""" Guru Hariharan CEO Commerce IQ Committed to Passionate Entrepreneurs We are an early-stage venture capital firm with over a billion dollars under management and a 20-year track record in investing in groundbreaking startups.",,,,,rolling,,""" Guru Hariharan CEO Commerce IQ Committed to Passionate Entrepreneurs We are an early-stage venture capital firm with over a billion dollars under management and a 20-year track record in investing in groundbreaking startups.",,,https://www.shastaventures.com/?hsLang=en,https://www.shastaventures.com/,,,,,,,,,,rolling,Rolling applications,""" Guru Hariharan CEO Commerce IQ Committed to Passionate Entrepreneurs We are an early-stage venture capital firm with over a billion dollars under management and a 20-year track record in investing in groundbreaking startups.","Startups, Entrepreneurs"
Village Global,Village Global,VC,Dilutive,,,Pre-seed,,,"Investing | Village Global NETWORK INVESTING PORTFOLIO INSIGHTS EVENTS TEAM NETWORK INVESTING PORTFOLIO INSIGHTS EVENTS TEAM how we invest how we invest We lead pre-seed &amp; seed rounds We invest pre-revenue, across sectors and geographies.",,,,,rolling,,"Investing | Village Global NETWORK INVESTING PORTFOLIO INSIGHTS EVENTS TEAM NETWORK INVESTING PORTFOLIO INSIGHTS EVENTS TEAM how we invest how we invest We lead pre-seed &amp; seed rounds We invest pre-revenue, across sectors and geographies.",,,https://www.villageglobal.vc/investing,https://www.villageglobal.vc/,,,,,,,,,,rolling,Rolling applications,"Investing | Village Global NETWORK INVESTING PORTFOLIO INSIGHTS EVENTS TEAM NETWORK INVESTING PORTFOLIO INSIGHTS EVENTS TEAM how we invest how we invest We lead pre-seed &amp; seed rounds We invest pre-revenue, across sectors and geographies.",Investing | Village Global NETWORK INVESTING PORTFOLIO INSIGHTS EVENTS TEAM NETWORK INVESTING PORTFOLIO INSIGHTS EVENTS TEAM how we invest how we inve...
Long Journey Ventures,Long Journey Ventures,VC,Dilutive,,,Early-stage,,,Cyan Banister Co-Founder &amp; General Partner Cyan is one of Silicon Valley’s most respected early-stage investors.,,,,,rolling,,Cyan Banister Co-Founder &amp; General Partner Cyan is one of Silicon Valley’s most respected early-stage investors.,,,https://www.longjourney.vc/team,https://www.longjourney.vc/,,,,,,,,,,rolling,Rolling applications,Cyan Banister Co-Founder &amp; General Partner Cyan is one of Silicon Valley’s most respected early-stage investors.,Founders
Chicago New Venture Challenge,University of Chicago Polsky Center,Competition,Non-dilutive,,1.0,Idea|Pre-seed|Early-stage,,All Sectors,,5000.0,100000.0,,,,,,,,,https://polsky.uchicago.edu/programs-events/new-venture-challenge/,,,,,Premier startup competition at University of Chicago offering prize money and mentorship,,,,,,,,
mHUB,mHUB Chicago,Accelerator,Program,,1.0,Pre-seed|Early-stage,,Manufacturing/HardTech,,0.0,50000.0,,,,,,,,,https://mhubchicago.com/,,,,,Hardtech and manufacturing innovation center in Chicago with programs and funding,,,,,,,,
MATTER,MATTER Chicago,Accelerator,Program,,1.0,Early-stage|Revenue-generating,,HealthTech,,0.0,0.0,,,,,,,,,https://matterchicago.com/,,,,,Healthcare startup incubator and accelerator in Chicago,,,,,,,,
1871,Chicagoland Entrepreneurial Center,Incubator,Program,,1.0,Pre-seed|Early-stage|Revenue-generating,,General Tech,,0.0,0.0,,,,,,,,,https://1871.com/,,,,,Premier tech startup hub and incubator in Chicago,,,,,,,,
Hyde Park Angels,Hyde Park Angels,VC,Dilutive,,1.0,Pre-seed|Early-stage,,General Tech,,100000.0,500000.0,,,,,,,,,https://www.hydeparkangels.com/,,,,,Chicago-based angel investor group focusing on early-stage companies,,,,,,,,
Lightbank,Lightbank,VC,Dilutive,,1.0,Early-stage|Revenue-generating,,General Tech,,500000.0,5000000.0,,,,,,,,,https://lightbank.com/,,,,,Chicago venture capital firm investing in technology companies,,,,,,,,
Chicago Community Loan Fund,CCLF,Grant,Non-dilutive,,1.0,All Stages,,Social Impact,,5000.0,500000.0,,,,,,,,,https://cclfchicago.org/,,,,,CDFI providing loans and grants to Chicago small businesses,,,,,,,,
Accion Chicago,Accion Opportunity Fund,Grant,Non-dilutive,,1.0,Pre-seed|Early-stage|Revenue-generating,,All Sectors,,5000.0,100000.0,,,,,,,,,https://us.accion.org/chicago,,,,,Microloans and grants for small businesses and entrepreneurs in Chicago,,,,,,,,
Illinois Small Business Development Center,Illinois SBDC,Program,Non-dilutive,,1.0,All Stages,,All Sectors,,0.0,50000.0,,,,,,,,,https://www.ilsbdc.biz/,,,,,Statewide network providing consulting and funding assistance,,,,,,,,
Northwestern University INVO,Northwestern University,Grant,Non-dilutive,,1.0,Idea|Pre-seed,,General Tech,,10000.0,100000.0,,,,,,,,,https://invo.northwestern.edu/,,,,,Commercialization support and funding for Northwestern innovations,,,,,,,,
BLUE1647,BLUE1647,Incubator,Program,,1.0,Pre-seed|Early-stage,,Social Impact,,0.0,25000.0,,,,,,,,,https://www.blue1647.com/,,,,,South Side Chicago tech incubator focusing on underrepresented communities,,,,,,,,
Women's Business Development Center,WBDC Chicago,Grant,Non-dilutive,,1.0,All Stages,,All Sectors,,5000.0,50000.0,,,,,,,,,https://www.wbdc.org/,,,,,Support and funding for women-owned businesses in Chicago,,,,,,,,
Illinois Science & Technology Coalition,ISTC,Grant,Non-dilutive,,1.0,Early-stage|Revenue-generating,,General Tech,,25000.0,250000.0,,,,,,,,,https://www.istcoalition.org/,,,,,Coalition supporting tech and innovation companies in Illinois,,,,,,,,
P33,P33 Chicago,Program,Non-dilutive,,1.0,Early-stage|Revenue-generating,,General Tech,,0.0,0.0,,,,,,,,,https://p33chicago.com/,,,,,Public-private partnership advancing Chicago's tech ecosystem,,,,,,,,
Impact Engine,Impact Engine,Accelerator,Dilutive,,1.0,Early-stage,,Social Impact,,50000.0,150000.0,,,,,,,,,https://theimpactengine.com/,,,,,Chicago-based impact investing accelerator,,,,,,,,
MATH Venture Partners,MATH Venture Partners,VC,Dilutive,,1.0,Early-stage|Revenue-generating,,FinTech,,500000.0,3000000.0,,,,,,,,,https://mathventurepartners.com/,,,,,Chicago venture capital firm focused on B2B software,,,,,,,,
Chicago Ventures,Chicago Ventures,VC,Dilutive,,1.0,Early-stage|Revenue-generating,,General Tech,,1000000.0,10000000.0,,,,,,,,,https://chicagoventures.com/,,,,,Seed-stage venture capital firm based in Chicago,,,,,,,,
OCA Ventures,OCA Ventures,VC,Dilutive,,1.0,Early-stage|Revenue-generating,,HealthTech,,2000000.0,10000000.0,,,,,,,,,https://www.ocaventures.com/,,,,,Chicago venture capital firm investing in high-growth companies,,,,,,,,
Gener8tor Chicago,Gener8tor,Accelerator,Dilutive,,1.0,Pre-seed|Early-stage,,General Tech,,50000.0,100000.0,,,,,,,,,https://www.gener8tor.com/,,,,,Accelerator with programs in Chicago and across the Midwest,,,,,,,,
Techstars Chicago,Techstars,Accelerator,Dilutive,,1.0,Pre-seed|Early-stage,,General Tech,,120000.0,120000.0,,,,,,,,,https://www.techstars.com/accelerators/chicago,,,,,Global accelerator with Chicago-based cohorts,,,,,,,,
Illinois Ventures,University of Illinois,VC,Dilutive,,1.0,Pre-seed|Early-stage,,General Tech,,100000.0,1000000.0,,,,,,,,,https://illinoisventures.com/,,,,,University of Illinois venture fund supporting Illinois startups,,,,,,,,
Pritzker Group Venture Capital,Pritzker Group,VC,Dilutive,,1.0,Early-stage|Revenue-generating,,General Tech,,1000000.0,10000000.0,,,,,,,,,https://www.pritzkergroup.com/venture-capital,,,,,Chicago-based VC firm investing in technology companies,,,,,,,,
Portal Innovations,Portal Innovations,Accelerator,Program,,1.0,Early-stage,,HealthTech,,0.0,500000.0,,,,,,,,,https://portal.vc/,,,,,Life sciences venture creation studio in Chicago,,,,,,,,
Bunker Labs Chicago,Bunker Labs,Accelerator,Non-dilutive,,1.0,Pre-seed|Early-stage,,All Sectors,,0.0,25000.0,,,,,,,,,https://bunkerlabs.org/,,,,,Veteran-focused entrepreneurship program with Chicago chapter,,,,,,,,
Good Food Accelerator,Good Food Business Accelerator,Accelerator,Program,,1.0,Early-stage,,Food/Agriculture,,0.0,25000.0,,,,,,,,,https://goodfoodfdn.org/,,,,,Chicago-based accelerator for sustainable food businesses,,,,,,,,
Chicago:Blend,World Business Chicago,Program,Non-dilutive,,1.0,All Stages,,All Sectors,,0.0,0.0,,,,,,,,,https://www.worldbusinesschicago.com/chicagoblend/,,,,,Program supporting diverse entrepreneurs in Chicago,,,,,,,,
Polsky Center for Entrepreneurship,University of Chicago,Program,Non-dilutive,,1.0,Idea|Pre-seed,,All Sectors,,0.0,50000.0,,,,,,,,,https://polsky.uchicago.edu/,,,,,University of Chicago's entrepreneurship hub with various programs,,,,,,,,
TechNexus,TechNexus Venture Collaborative,Accelerator,Dilutive,,1.0,Early-stage,,General Tech,,250000.0,1000000.0,,,,,,,,,https://technexus.com/,,,,,Chicago venture collaborative and innovation hub,,,,,,,,
Cleveland Avenue,Cleveland Avenue,VC,Dilutive,,1.0,Early-stage|Revenue-generating,,Food/Agriculture,,500000.0,5000000.0,,,,,,,,,https://clevelandavenue.com/,,,,,Chicago-based food and beverage focused venture fund,,,,,,,,
Vital Proteins Collagen Venture,Vital Proteins,VC,Dilutive,,1.0,Early-stage,,HealthTech,,250000.0,2000000.0,,,,,,,,,https://www.vitalproteins.com/,,,,,Chicago-based health and wellness investor,,,,,,,,
